"poll_id","status","Latitude","Longitude","location_line_1","location_line_2","city","Precincts"
8133,"A",41.3969120000000004,-81.5732579999999956,"ABRAHAM LINCOLN ELEMENTARY SCHOOL","6009 DUNHAM ROAD","MAPLE HTS","1A 1B 2A 2B"
7470,"A",41.4089340000000021,-81.4661119999999954,"ADVENT LUTHERAN CHURCH SOLON","5525 HARPER ROAD","SOLON","5A 5B 5C"
8251,"A",41.4523579999999967,-81.6361729999999994,"ALBERT BUSHNELL HART ELEMENTARY SCHOOL","3900 EAST 75TH STREET","CLEVELAND","2B 2C 2D"
8176,"A",41.4617709999999988,-81.7517059999999987,"ALMIRA K-8 SCHOOL","3375 WEST 99TH STREET","CLEVELAND","11H 12F 12H 12N"
3150,"A",41.4985599999999977,-81.6048420000000050,"AMBLESIDE TOWERS APARTMENTS","2190 AMBLESIDE DRIVE","CLEVELAND","6K"
8115,"A",41.3877579999999980,-81.7102830000000040,"AMERICAN LEGION POST 572","6483 STATE ROAD","PARMA","3A 3D"
8306,"A",41.4515999999999991,-81.8338999999999999,"AMERICAN LEGION POST 738","19311 LORAIN ROAD","FAIRVIEW PARK","1A 1B 1C"
8039,"A",41.4634789999999995,-81.5794559999999933,"ANDREW J RICKOFF PRE K-8 SCHOOL","3500 EAST 147TH STREET","CLEVELAND","1A 1D 1G 1J 1S"
3390,"A",41.4784819999999996,-81.6389439999999951,"ANTON GRDINA ELEMENTARY SCHOOL","2955 EAST 71ST STREET","CLEVELAND","3K 5K"
8261,"A",41.5910930000000008,-81.5382689999999997,"ARBOR ELEMENTARY SCHOOL","20400 ARBOR AVENUE","EUCLID","2B 4C 4D 8A"
8109,"A",41.4365829999999988,-81.7899960000000021,"ARTEMUS WARD PRE K-8 SCHOOL","4315 WEST 140TH STREET","CLEVELAND","13I 13K"
8327,"A",41.5124119421043929,-81.6634494351962132,"ASIAN TOWN CENTER","3820 SUPERIOR AVENUE","CLEVELAND","8A 8C 8D 8E"
8199,"A",41.4580810000000000,-81.4548450000000059,"ATHLETIC WING OF ORANGE HIGH SCHOOL","32000 CHAGRIN BOULEVARD","PEPPER PIKE","Moreland Hills A B C Pepper Pike C.01 C.02 D"
1100,"A",41.4848330000000018,-81.9002710000000036,"BAY PRESBYTERIAN CHURCH","25415 LAKE ROAD","BAY VILLAGE","1A 1B 1C 2B"
8254,"A",41.4932400000000001,-81.9502659999999992,"BAY UNITED METHODIST CHURCH","29931 LAKE ROAD","BAY VILLAGE","3A 3B 3C"
8013,"A",41.4840739999999997,-81.9263980000000060,"BAY VILLAGE MIDDLE SCHOOL","27725 WOLF ROAD","BAY VILLAGE","2A 2C"
8326,"A",41.4870299999999972,-81.4985899999999930,"BEACHWOOD COMMUNITY CENTER","25325 FAIRMOUNT BLVD","BEACHWOOD","A B G"
1120,"A",41.4843669999999989,-81.5009830000000051,"BEACHWOOD HIGH SCHOOL","25100 FAIRMOUNT BLVD","BEACHWOOD","C F H I"
1280,"A",41.4022720000000035,-81.5262129999999985,"BEDFORD HIGH SCHOOL","481 NORTHFIELD ROAD","BEDFORD","2A 2B"
1190,"A",41.4071479999999994,-81.4972819999999984,"BEDFORD HTS COMMUNITY CENTER","5615 PERKINS ROAD","BEDFORD HTS","All - 1A 1B 1C 2A 2B 3A 3B 4A 4B"
1390,"A",41.4134859999999989,-81.4114059999999995,"BENTLEYVILLE VILLAGE HALL","6253 CHAGRIN RIVER ROAD","BENTLEYVILLE","A"
8275,"A",41.3648710000000008,-81.8529500000000070,"BEREA BRANCH LIBRARY","7 BEREA COMMONS","BEREA","4A 4B"
8296,"A",41.3778220000000019,-81.8549179999999978,"BEREA RECREATION CENTER","451 FRONT STREET","BEREA","1A 1B 2A  2B.01 2B.02 2C"
7615,"A",41.2816079999999985,-81.8468859999999978,"BESSIE KINSNER ELEMENTARY SCHOOL","19091 WATERFORD PARKWAY","STRONGSVILLE","2F 2I 4C 4E"
8192,"A",41.5239189999999994,-81.6153730000000053,"BETHANY BAPTIST CHURCH","1211 EAST 105TH STREET","CLEVELAND","9G 9H 9O"
8112,"A",41.3632580000000019,-81.7793939999999964,"BETHEL CHRISTIAN","12901 WEST PLEASANT VALLEY ROAD","PARMA","7A 7D 7F"
4960,"A",41.5912330000000026,-81.5013959999999997,"BLUESTONE ELEMENTARY SCHOOL","1455 EAST 260TH STREET","EUCLID","3A 3B 3C 3D"
8280,"A",41.4639269999999982,-81.5813339999999982,"BOYS AND GIRLS CLUBS OF CLEVELAND","6114 BROADWAY AVENUE","CLEVELAND","3B 3J"
1651,"A",41.5464569999999966,-81.6176499999999976,"BRATENAHL COMMUNITY CENTER","10300 BRIGHTON ROAD","BRATENAHL","A"
1540,"A",41.3131290000000035,-81.6242129999999975,"BRECKSVILLE COMMUNITY CENTER","1 COMMUNITY DRIVE","BRECKSVILLE","C D E G"
8206,"A",41.2972809999999981,-81.6861490000000003,"BROADVIEW HTS BAPTIST CHURCH","9850 BROADVIEW ROAD","BROADVIEW HTS","1B 4A 4C 4D"
1400,"A",41.3057050000000032,-81.6811579999999964,"BROADVIEW HTS COMMUNITY BUILDING","9543 BROADVIEW ROAD","BROADVIEW HTS","1A 1C 3A 3B 3C 4B"
1460,"A",41.3953389999999999,-81.8221410000000020,"BROOK PARK RECREATION CENTER","17400 HOLLAND ROAD","BROOK PARK","1A 1B 1C 4A 4B 4C"
1510,"A",41.3965269999999990,-81.8050860000000029,"BROOK PARK UNITED METHODIST CHURCH","6220 SMITH ROAD","BROOK PARK","2A 2B 2C"
1000,"A",41.4206829999999968,-81.6783180000000044,"BROOKLYN HTS COMMUNITY CENTER","225 TUXEDO AVENUE","BROOKLYN HTS","A"
3120,"A",41.4290700000000029,-81.6966199999999958,"BROOKLYN HTS UNITED CHURCH OF CHRIST","2005 WEST SCHAAF ROAD","CLEVELAND","4A 4G 4I 4Q"
1630,"A",41.4391930000000031,-81.7401100000000014,"BROOKLYN SENIOR COMMUNITY CENTER","7727 MEMPHIS AVENUE","BROOKLYN","A B E F"
1130,"A",41.4688609999999969,-81.5001050000000049,"BRYDEN ELEMENTARY SCHOOL","25501 BRYDEN ROAD","BEACHWOOD","D E.01 E.02 J"
8102,"A",41.5351479999999995,-81.5623369999999994,"CALEDONIA ELEMENTARY SCHOOL","914 CALEDONIA AVENUE","CLEVELAND HTS","5A 5B 5D 5F"
1850,"A",41.4914670000000001,-81.5503140000000002,"CANTERBURY ELEMENTARY SCHOOL","2530 CANTERBURY ROAD","CLEVELAND HTS","2A 2C 2D"
1670,"A",41.4269320000000008,-81.3797359999999941,"CHAGRIN FALLS HIGH SCHOOL","400 EAST WASHINGTON STREET","CHAGRIN FALLS","Village: A B C D & Twp.: A"
8319,"A",41.5572769999999991,-81.5385969999999958,"CHANCE LIGHT EUCLID SCHOOL","1941 SAGAMORE DRIVE","EUCLID","1A 1B"
8144,"A",41.5694510000000008,-81.5196739999999949,"CHARDON HILLS STEM SCHOOL","1750 EAST 234TH STREET","EUCLID","2A 2D"
3440,"A",41.4350049999999968,-81.7044750000000022,"CHARLES A MOONEY MIDDLE SCHOOL","3213 MONTCLAIR AVENUE","CLEVELAND","4D 4E 4F & 4M (No Active Splits Nov 2025)"
8125,"A",41.4561089999999979,-81.5918960000000055,"CHARLES DICKENS ELEMENTARY SCHOOL","13013 CORLETT AVENUE","CLEVELAND","2I 2K (No Active Splits Nov 2025)"
7110,"A",41.5744490000000013,-81.5007800000000060,"CHRISTIAN ASSEMBLY","25595 CHARDON ROAD","RICHMOND HTS","1A 1B"
6320,"A",41.4018810000000030,-81.9544690000000031,"CHURCH OF ST CLARENCE","30106 LORAIN ROAD","NORTH OLMSTED","1D 3B 3C 3D 3F"
8190,"A",41.5605180000000018,-81.5732299999999952,"CHURCH OF ST MARY OF THE ASSUMPTION","15519 HOLMES AVENUE","CLEVELAND","10M 10O"
2420,"A",41.5363740000000021,-81.5962970000000070,"CITIZENS ACADEMY EAST","12523 WOODSIDE AVENUE","CLEVELAND","9D 9J 9T"
7870,"A",41.4653550000000024,-81.8873260000000016,"CLAGUE CABIN","1500 CLAGUE ROAD","WESTLAKE","1A 1B 1C"
6330,"A",41.4353399999999965,-81.8817810000000037,"CLAGUE ROAD UNITED CHURCH OF CHRIST","3650 CLAGUE ROAD","NORTH OLMSTED","4A 4B 4C"
3050,"A",41.4334810000000004,-81.8314560000000029,"CLARA E WESTROPP MIDDLE SCHOOL","19101 PURITAS AVENUE","CLEVELAND","15A 15L"
4191,"A",41.4550679999999971,-81.6558469999999943,"CLEVELAND COLLEGE PREPARATORY SCHOOL","4906 FLEET AVENUE","CLEVELAND","2A 5J"
8140,"A",41.5158100000000019,-81.5717049999999944,"CLEVELAND HTS COMMUNITY CENTER","1 MONTICELLO BOULEVARD","CLEVELAND HTS","1B 1C 1D 3A 3C 3E 4E 4F 4G 4I.01 4I.02"
8288,"A",41.5796780000000012,-81.5665269999999936,"COLLINWOOD RECREATION CENTER","16300 LAKE SHORE BOULEVARD","CLEVELAND","10H 10K"
8293,"A",41.3765270000000029,-81.9220449999999971,"COMMUNITY ROOM IN OLMSTED TOWNSHIP","7900 FITCH ROAD","OLMSTED TWP","A B I"
5940,"A",41.5224400000000031,-81.4641199999999941,"CORNERSTONE COMMUNITY CHURCH","1400 LANDER ROAD","MAYFIELD HTS","A B C D"
6660,"A",41.3818210000000022,-81.7478610000000003,"CROSS OF HOPE CHURCH","8971 WEST RIDGEWOOD DRIVE","PARMA HTS","1A 1B 1C 2A 2B 2C 4A 4B 4C"
3040,"A",41.4794630000000026,-81.7528339999999929,"CUDELL RECREATION CENTER","1910 WEST BOULEVARD","CLEVELAND","11C 11D 12D 12E 12G"
4700,"A",41.4265189999999990,-81.6413770000000056,"CUYAHOGA HTS VILLAGE HALL","4863 EAST 71ST STREET","CUYAHOGA HTS","A"
1550,"A",41.3452279999999988,-81.6249320000000012,"CUYAHOGA VALLEY CAREER CENTER","8001 BRECKSVILLE ROAD","BRECKSVILLE","A B"
1730,"A",41.5043580000000034,-81.5560540000000032,"DEBORAH DELISLE EDUCATIONAL OPTIONS CTR","14780 SUPERIOR ROAD","CLEVELAND HTS","3B 4A 4B 4D"
3710,"A",41.4514130000000023,-81.7048630000000031,"DENISON ELEMENTARY SCHOOL","3799 WEST 33RD STREET","CLEVELAND","14C 14D 14E 14N"
6750,"A",41.3713729999999984,-81.7106979999999936,"DENTZLER ELEMENTARY SCHOOL","3600 DENTZLER ROAD","PARMA","5C 5E 5F 6A 6B"
8113,"A",41.4882199999999983,-81.5330574000000041,"DOLAN SCIENCE CENTER AT JOHN CARROLL","1 JOHN CARROLL BOULEVARD","UNIVERSITY HTS","E I"
6680,"A",41.3841490000000007,-81.7338790000000017,"DONNA SMALLWOOD ACTIVITIES CENTER","7001 WEST RIDGEWOOD DRIVE","PARMA","8B 8D 8E"
1600,"A",41.4352900000000020,-81.7359820000000070,"DR MARTIN LUTHER EVANGELICAL LUTHERAN CH","4470 RIDGE ROAD","BROOKLYN","C D G H"
8111,"A",41.5558139999999980,-81.5798589999999990,"EAST CLARK SCHOOL","885 EAST 146TH STREET","CLEVELAND","9N 10F"
8235,"A",41.4926579999999987,-81.6515399999999971,"EAST TECH HIGH SCHOOL","2439 EAST 55TH STREET","CLEVELAND","5L 5M"
7550,"A",41.3450410000000019,-81.7900280000000066,"EDITH WHITNEY ELEMENTARY SCHOOL","13548 WHITNEY ROAD","STRONGSVILLE","1A 1C 1D 1F"
7620,"A",41.3421430000000001,-81.8703979999999945,"EDNA SURRARRER ELEMENTARY SCHOOL","9306 PRIEM ROAD","STRONGSVILLE","3E 3F 3G"
8188,"A",41.3187300000000022,-81.8268300000000011,"EHRNFELT RECREATION SENIOR CENTER","18100 ROYALTON ROAD","STRONGSVILLE","1B 1E 1G 1H"
6720,"A",41.4052859999999967,-81.6984750000000020,"ELKS HALL","2300 SNOW ROAD","PARMA","9B 9C"
1240,"A",41.3987800000000021,-81.5396620000000070,"ELLENWOOD CENTER","124 ELLENWOOD AVENUE","BEDFORD","1A 1B 3A 3B 6A 6B"
5610,"A",41.4904229999999998,-81.7847560000000016,"EMERSON ELEMENTARY SCHOOL","13439 CLIFTON BOULEVARD","LAKEWOOD","3A 3G 4A 4D"
8331,"A",41.4444307812362354,-81.7232417295545304,"ESTABROOK RECREATION CENTER","4125 FULTON ROAD","CLEVELAND","4H 11M"
8318,"A",41.6072699999999998,-81.4955429999999978,"EUCLID EARLY LEARNING VILLAGE","27000 ELINORE AVENUE","EUCLID","6D 8B 8C"
4920,"A",41.6109250000000017,-81.5274849999999986,"EUCLID LAKE FRONT COMMUNITY CENTER","1 BLISS LANE","EUCLID","5A 5C"
8151,"A",41.5539320000000032,-81.5536239999999992,"EUCLID PARK SCHOOL","17914 EUCLID AVENUE","CLEVELAND","10P 10Q 10R 10S"
1900,"A",41.4924979999999977,-81.5669919999999991,"FAIRFAX ELEMENTARY SCHOOL","3150 FAIRFAX ROAD","CLEVELAND HTS","2B 2E"
3230,"A",41.4952710000000025,-81.6302510000000012,"FAIRFAX RECREATION CENTER","2335 EAST 82ND STREET","CLEVELAND","5H 6J 6L (No Active Splits Nov 2025)"
2380,"A",41.4923560000000009,-81.5974779999999953,"FAIRHILL PARTNERS","12200 FAIRHILL ROAD","CLEVELAND","6H.01 6H.02 6I 6M 6N"
5210,"A",41.4467020000000019,-81.8500080000000025,"FAIRVIEW PARK CITY HALL","20777 LORAIN ROAD","FAIRVIEW PARK","3A 3B"
8032,"A",41.4446829999999977,-81.8557660000000027,"FAIRVIEW PARK REGIONAL LIBRARY","21255 LORAIN ROAD","FAIRVIEW PARK","4A 4B"
6510,"A",41.3730619999999973,-81.9145319999999941,"FALLS LENOX PRIMARY SCHOOL","26450 BAGLEY ROAD","OLMSTED FALLS","(ALL) 1A 1B 2A 2B.01 2B.02 3A 3B 4A 4B"
4270,"A",41.5107240000000033,-81.6432839999999942,"FATIMA FAMILY CENTER","6600 LEXINGTON AVENUE","CLEVELAND","8L 8O"
7280,"A",41.4710940000000008,-81.5573789999999974,"FERNWAY ELEMENTARY SCHOOL","17420 FERNWAY ROAD","SHAKER HTS","Q R S"
8073,"A",41.5374809999999997,-81.5086940000000055,"FIRST BAPTIST CHURCH","835 TREBISKY ROAD","SOUTH EUCLID","1C 1D"
8239,"A",41.5345149999999990,-81.6165289999999999,"FIRST ZION MISSIONARY BAPTIST CHURCH","10313 GARFIELD AVENUE","CLEVELAND","9L"
8325,"A",41.4999200000000030,-81.5295899999999989,"FRANK L WILEY SCHOOL","2181 MIRAMAR BOULEVARD","UNIVERSITY HTS","S EUC: 4B 4C & UNV. HTS: C  F"
8173,"A",41.5353569999999976,-81.6105929999999944,"FRANKLIN D ROOSEVELT PRE K-8","800 LINN DRIVE","CLEVELAND","9A 9B"
8314,"A",41.4427700000000030,-81.5720900000000029,"FREDERICK DOUGLASS RECREATION CENTER","15401 MILES AVENUE","CLEVELAND","1E 1F 1H 1I 1R"
8087,"A",41.4941919999999982,-81.6538999999999930,"FRIENDLY INN SETTLEMENT","2386 UNWIN ROAD","CLEVELAND","5B 5F"
3620,"A",41.4579669999999965,-81.7128579999999971,"FULTON BRANCH LIBRARY","3545 FULTON ROAD","CLEVELAND","14L"
3720,"A",41.4497989999999987,-81.7920510000000007,"GARFIELD ELEMENTARY SCHOOL","3800 WEST 140TH STREET","CLEVELAND","13B 13D 13H 13J"
8198,"A",41.4155140000000017,-81.6032890000000037,"GARFIELD HTS BRANCH LIBRARY","5409 TURNEY ROAD","GARFIELD HTS","5A 5B 5C"
5280,"A",41.4268059999999991,-81.6153099999999938,"GARFIELD HTS HIGH SCHOOL","4900 TURNEY ROAD","GARFIELD HTS","1A 1B 1C 2A 2B 3A.01 3A.02 3B 4A 4B 4C"
8067,"A",41.4857810000000029,-81.7798290000000065,"GARFIELD SCHOOL","13114 DETROIT AVENUE","LAKEWOOD","3E 3F 4B 4C 4F"
8320,"A",41.4875499999999988,-81.7196699999999936,"GARRETT MORGAN HIGH SCHOOL","4600 DETROIT AVENUE","CLEVELAND","7B 7C 7D 7R"
5400,"A",41.5206039999999987,-81.4053739999999948,"GATES MILLS COMMUNITY HOUSE","1460 CHAGRIN RIVER ROAD","GATES MILLS","A B"
7630,"A",41.4961059999999975,-81.5256609999999995,"GEARITY PROFESSIONAL DEVELOPMENT SCHOOL","2323 WRENFORD ROAD","UNIVERSITY HTS","D G H"
1260,"A",41.3919349999999966,-81.5542679999999933,"GLENDALE PRIMARY SCHOOL","400 WEST GLENDALE AVENUE","BEDFORD","4A 4B 5A 5B"
4220,"A",41.5394879999999986,-81.6061310000000049,"GLENVILLE HIGH SCHOOL","650 EAST 113TH STREET","CLEVELAND","9C 9E 9I"
5410,"A",41.3572369999999978,-81.4694949999999949,"GLENWILLOW VILLAGE HALL","29555 PETTIBONE ROAD","GLENWILLOW","1A 2A 3A"
8028,"A",41.3633379999999988,-81.8076630000000051,"GRACE CHRISTIAN MISSIONARY ALLIANCE CH","7393 PEARL ROAD","MIDDLEBURG HTS","2B 2C 3B"
5690,"A",41.4831069999999968,-81.8013689999999940,"GRANT ELEMENTARY SCHOOL","1470 VICTORIA AVENUE","LAKEWOOD","2F 2G"
7485,"A",41.3640279999999976,-81.4012390000000039,"GRANTWOOD GOLF COURSE","38855 AURORA ROAD","SOLON","1A 1B 1C"
6730,"A",41.3602690000000024,-81.6984889999999950,"GREEN VALLEY ELEMENTARY SCHOOL","2401 WEST PLEASANT VALLEY ROAD","PARMA","6C 6E"
6630,"A",41.3952200000000019,-81.7737609999999933,"GREENBRIAR MIDDLE SCHOOL ANNEX","11810 HUFFMAN ROAD","PARMA","1A 1B 1C"
8025,"A",41.4343969999999970,-81.8144199999999984,"GUNNING PARK RECREATION CENTER","16700 PURITAS AVENUE","CLEVELAND","15B 15E 15F 15H"
8250,"A",41.4682499999999976,-81.7400650000000013,"HALLE SCHOOL OF INQUIRY","7901 HALLE AVENUE","CLEVELAND","11F"
2280,"A",41.4562430000000006,-81.7702149999999932,"HALLORAN SKATING RINK","11815 LINNET AVENUE","CLEVELAND","12I 12L 13C"
8064,"A",41.5694310000000016,-81.5523680000000013,"HANNAH GIBBONS-NOTTINGHAM SCHOOL","1401 LARCHMONT ROAD","CLEVELAND","10E 10N"
5750,"A",41.4763710000000003,-81.8128009999999932,"HARDING MIDDLE SCHOOL","16601 MADISON AVENUE","LAKEWOOD","1B 1C 1D"
8068,"A",41.4748230000000007,-81.7771450000000044,"HARRISON ELEMENTARY SCHOOL","2080 QUAIL STREET","LAKEWOOD","3I 4G 4H"
5730,"A",41.4708510000000032,-81.8106449999999938,"HAYES ELEMENTARY SCHOOL","16401 DELAWARE AVENUE","LAKEWOOD","1A 2D 2H"
1350,"A",41.3644279999999966,-81.8772060000000010,"HERITAGE CONGREGATIONAL CHURCH","485 WEST STREET","BEREA","5A 5B 5C"
5420,"A",41.4594790000000017,-81.5334469999999953,"HIGHLAND HILLS VILLAGE HALL","3700 NORTHFIELD ROAD","HIGHLAND HILLS","A"
5450,"A",41.5533059999999992,-81.4691409999999934,"HIGHLAND HTS COMMUNITY CENTER","5827 HIGHLAND ROAD","HIGHLAND HTS","1A 1B 2A 2B 3A 3B 4A 4B"
8059,"A",41.5502960000000030,-81.5082320000000067,"HOPE UNITED CHURCH","499 TREBISKY ROAD","RICHMOND HTS","4A 4B"
5520,"A",41.4892150000000015,-81.8219780000000014,"HORACE MANN ELEMENTARY SCHOOL","1215 WEST CLIFTON BOULEVARD","LAKEWOOD","1E 1F 1G 1H"
7560,"A",41.2897490000000005,-81.7923260000000028,"HOWARD CHAPMAN ELEMENTARY SCHOOL","13883 DRAKE ROAD","STRONGSVILLE","2A 2C 2D 2H"
5440,"A",41.4914070000000024,-81.4069750000000028,"HUNTING VALLEY VILLAGE HALL","38251 FAIRMOUNT BOULEVARD","HUNTING VALLEY","A"
8187,"A",41.5241180000000014,-81.5558680000000038,"IMANI TEMPLE MINISTRIES","2463 NORTH TAYLOR ROAD","CLEVELAND HTS","4C 4H 5C 5E"
8233,"A",41.3766570000000016,-81.6465570000000014,"INDEPENDENCE CIVIC CENTER","6363 SELIG DRIVE","INDEPENDENCE","(ALL) - A B C D E"
8072,"A",41.4547019999999975,-81.6009370000000018,"JOHN ADAMS HIGH SCHOOL","3817 MARTIN LUTHER KING JR DRIVE","CLEVELAND","2E 2G 2H (No Active Splits Nov 2025)"
8279,"A",41.5017539999999983,-81.6116159999999979,"JOHN HAY HIGH SCHOOL","2075 STOKES BOULEVARD","CLEVELAND","6D 6G 6O"
6250,"A",41.4260050000000035,-81.9010159999999985,"JOHN KNOX PRESBYTERIAN CHURCH","25200 LORAIN ROAD","NORTH OLMSTED","1A 1B 1C 1E 2D 2E 4E"
6700,"A",41.4111070000000012,-81.6969390000000004,"JOHN MUIR ELEMENTARY SCHOOL","5531 WEST 24TH STREET","PARMA","4A 4E"
3320,"A",41.4921629999999979,-81.7099620000000044,"LAKEVIEW TOWERS APARTMENTS","2700 WASHINGTON AVENUE","CLEVELAND","7A 7H"
5570,"A",41.4856800000000021,-81.7778449999999992,"LAKEWOOD CITY HALL","12650 DETROIT AVENUE","LAKEWOOD","4E 4I 4J"
5680,"A",41.4857129999999970,-81.7959010000000006,"LAKEWOOD PRESBYTERIAN CHURCH","14502 DETROIT AVENUE","LAKEWOOD","2B 3B"
5720,"A",41.4855969999999985,-81.8077380000000005,"LAKEWOOD UNITED METHODIST CHURCH","15700 DETROIT AVENUE","LAKEWOOD","1I 2E"
8189,"A",41.4945269999999979,-81.7976620000000025,"LAKEWOOD WOMANS CLUB PAVILION","14532 LAKE AVE","LAKEWOOD","2A 2C"
8048,"A",41.4959610000000012,-81.5646509999999978,"LEE ROAD LIBRARY","2345 LEE ROAD","CLEVELAND HTS","2F 3D 3F"
3430,"A",41.4667630000000003,-81.7019250000000028,"LINCOLN WEST HIGH SCHOOL","3202 WEST 30TH STREET","CLEVELAND","14I 14J 140"
7290,"A",41.4603930000000034,-81.5537450000000064,"LOMOND ELEMENTARY SCHOOL","17917 LOMOND BOULEVARD","SHAKER HTS","K L M"
2070,"A",41.4828389999999985,-81.7570170000000047,"LOUISA MAY ALCOTT ELEMENTARY SCHOOL","10308 BALTIC ROAD","CLEVELAND","11B 12A 12B 12C"
2860,"A",41.4706210000000013,-81.6946200000000005,"LUIS MUNOZ MARIN MIDDLE SCHOOL","1701 CASTLE AVENUE","CLEVELAND","14G 14H (No Active Splits Nov 2025)"
8083,"A",41.5231070000000031,-81.4889060000000001,"LYNDHURST COMMUNITY CENTER","1341 PARKVIEW DRIVE","LYNDHURST","1A 1B 1C 2A 2B"
5880,"A",41.5190660000000022,-81.4882889999999946,"LYNDHURST COMMUNITY OF FAITH CHURCH","5312 MAYFIELD ROAD","LYNDHURST","3B 3C"
8328,"A",41.5072952284476671,-81.6474424438059430,"MAGNET CONSULTING","1800 EAST 63RD STREET","CLEVELAND","8Q"
6240,"A",41.4393049999999974,-81.8890659999999997,"MAPLE ELEMENTARY SCHOOL","24101 MAPLE RIDGE ROAD","NORTH OLMSTED","2A 2B 2C"
8080,"A",41.4178679999999986,-81.5697739999999953,"MAPLE HTS BRANCH LIBRARY","5225 LIBRARY LANE","MAPLE HTS","3A 3B"
8160,"A",41.4061030000000017,-81.5988449999999972,"MAPLE LEAF ELEMENTARY SCHOOL","5764 TURNEY ROAD","GARFIELD HTS","6A 6B 6C 7A 7B 7C"
3380,"A",41.4970009999999974,-81.6656909999999954,"MARION STERLING ELEMENTARY SCHOOL","3033 CENTRAL AVENUE","CLEVELAND","5A 5G 5O"
2290,"A",41.5151583278601493,-81.6050538657309232,"MARY M BETHUNE SCHOOL","11815 MOULTON AVENUE","CLEVELAND","6F 9F 9K 9P 9R"
8203,"A",41.4739739999999983,-81.7293990000000008,"MAX S. HAYES HIGH SCHOOL","2211 WEST 65TH STREET","CLEVELAND","14B 14F"
8074,"A",41.5339370000000017,-81.5852490000000046,"MAYFAIR ELEMENTARY SCHOOL","13916 MAYFAIR AVENUE","EAST CLEVELAND","3B 3D 3E"
8334,"A",41.5140791015513813,-81.4542748330784150,"MAYFIELD HTS AQUATIC & COMMUNITY CENTER","6080 MARSOL ROAD","MAYFIELD HTS","E F G K L"
8205,"A",41.5386120000000005,-81.4395949999999971,"MAYFIELD VILLAGE CIVIC CENTER","6622 WILSON MILLS ROAD","MAYFIELD VILLAGE","1A 2A 3A 4A"
8041,"A",41.5709190000000035,-81.5763280000000037,"MEMORIAL SCHOOL","410 EAST 152ND STREET","CLEVELAND","9Q 10D 10J"
8179,"A",41.5193620000000010,-81.4922470000000061,"MESSIAH LUTHERAN CHURCH","5200 MAYFIELD ROAD","LYNDHURST","4A 4B 4C"
6770,"A",41.4024879999999982,-81.7197660000000070,"MICHAEL A RIES RINK","5000 FORESTWOOD DRIVE","PARMA","2A 2B 2C 2D"
4190,"A",41.4750080000000025,-81.7285820000000029,"MICHAEL ZONE RECREATION CENTER","6301 LORAIN AVENUE","CLEVELAND","7I 7L 11G"
8244,"A",41.3700949999999992,-81.8163049999999998,"MIDDLEBURG HTS BRANCH LIBRARY","16699 EAST BAGLEY ROAD","MIDDLEBURG HTS","1B 2A"
6065,"A",41.3727209999999985,-81.8124619999999965,"MIDDLEBURG HTS COMMUNITY CENTER","16000 EAST BAGLEY ROAD","MIDDLEBURG HTS","1A 1C 3A 3C"
8147,"A",41.4479389999999981,-81.6219210000000004,"MILES PARK K-8 SCHOOL","4090 EAST 93RD STREET","CLEVELAND","2F 2O"
2330,"A",41.4445079999999990,-81.5992839999999973,"MILES PRE K-8","11918 MILES AVENUE","CLEVELAND","2L 2P"
8302,"A",41.5734330000000014,-81.5239119999999957,"MOORE COUNSELING AND MEDIATION SERVICES","22639 EUCLID AVENUE","EUCLID","1C 1D 2C"
3290,"A",41.4831560000000010,-81.6147799999999961,"MORNING STAR BAPTIST CHURCH","10250 SHAKER BOULEVARD","CLEVELAND","6C 6P 6Q"
8182,"A",41.4625839999999997,-81.6483319999999964,"MOUND-STEM SCHOOL","5935 ACKLEY ROAD","CLEVELAND","3H 3I"
8332,"A",41.4443963749809825,-81.5275292318764997,"MOUNT ZION FELLOWSHIP","4265 NORTHFIELD ROAD","HIGHLAND HILLS","1A 1B 2A 2B 3A 3B"
8134,"A",41.4643560000000022,-81.5893449999999945,"MURTIS TAYLOR HUMAN SERVICES CENTER","13411 UNION AVENUE","CLEVELAND","3L 3M 3O"
8201,"A",41.4603850000000023,-81.6078440000000001,"NATHAN HALE ELEMENTARY SCHOOL","3588 MARTIN LUTHER KING JR DRIVE","CLEVELAND","2J 3A (No Active Splits November 2025)"
8322,"A",41.4616100000000003,-81.8893400000000042,"NEW HOPE CHURCH","22960 LORAIN ROAD","FAIRVIEW PARK","5A 5B.01 5B.02"
8185,"A",41.5445479999999989,-81.5664079999999956,"NEW LIFE CATHEDRAL","16200 EUCLID AVENUE","EAST CLEVELAND","4B"
8290,"A",41.4477579131699514,-81.7702161741596996,"NEW TECH WEST","11801 WORTHINGTON AVENUE","CLEVELAND","12K 13E"
6740,"A",41.3623970000000014,-81.6990650000000045,"NORMANDY HIGH SCHOOL","2500 WEST PLEASANT VALLEY ROAD","PARMA","6D 9E"
6280,"A",41.4136570000000006,-81.9256960000000021,"NORTH OLMSTED BRANCH LIBRARY","27403 LORAIN ROAD","NORTH OLMSTED","3A 3E 4D"
6370,"A",41.4270449999999997,-81.5243360000000052,"NORTH RANDALL VILLAGE HALL","4610 NORTHFIELD ROAD","NORTH RANDALL","A"
8162,"A",41.3310990000000018,-81.7226179999999971,"NORTH ROYALTON BRANCH LIBRARY","5071 WALLINGS ROAD","NORTH ROYALTON","2A 2B 2C 2D"
8237,"A",41.3093580000000031,-81.7275369999999981,"NORTH ROYALTON CITY HALL","14600 STATE ROAD","NORTH ROYALTON","6A 6B 6C 6D"
8312,"A",41.2999999999999972,-81.7251799999999946,"NORTH ROYALTON ELEMENTARY SCHOOL","16400 STATE ROAD","NORTH ROYALTON","4A 4B 4C 4D 5A 5B 5C 5D"
6410,"A",41.3182570000000027,-81.7376569999999987,"NORTH ROYALTON SENIOR CENTER","13220 RIDGE ROAD","NORTH ROYALTON","1A 1B 1C 3A 3B 3C 3D"
6532,"A",41.3691030000000026,-81.5119540000000029,"OAKWOOD COMMUNITY CENTER","23035 BROADWAY AVENUE","OAKWOOD","1A 2A 3A 4A 5A"
3130,"A",41.5005200000000016,-81.6949610000000064,"OLD STONE CHURCH","91 PUBLIC SQUARE","CLEVELAND","5C 7Q 8B"
8255,"A",41.5871950000000012,-81.5518809999999945,"OLIVER HAZARD PERRY ELEMENTARY SCHOOL","18400 SCHENELY AVENUE","CLEVELAND","10B 10C"
8156,"A",41.3714390000000023,-81.9350749999999977,"OLMSTED FALLS INTERMEDIATE SCHOOL","27043 BAGLEY ROAD","OLMSTED TWP","C D.01 D.02 G"
8106,"A",41.3714879999999994,-81.9358160000000026,"OLMSTED FALLS MIDDLE SCHOOL","27045 BAGLEY ROAD","OLMSTED TWP","E F H"
6580,"A",41.4344579999999993,-81.4650079999999974,"ORANGE VILLAGE HALL","4600 LANDER ROAD","ORANGE","A B C"
3670,"A",41.4561369999999982,-81.8155540000000059,"OUR LADY OF ANGELS LINUS HALL","3600 ROCKY RIVER DRIVE","CLEVELAND","15I 15J 15K 15R"
4910,"A",41.6026120000000006,-81.5409630000000050,"OUR LADY OF THE LAKE","175 EAST 200TH STREET","EUCLID","4A 4B 5D 8D"
5910,"A",41.5018239999999992,-81.4395130000000051,"OUR SAVIOR LUTHERAN CHURCH","2154 SOM CENTER ROAD","MAYFIELD HTS","H I M"
6790,"A",41.4167910000000035,-81.6951150000000013,"PARMA EVANGELICAL LUTHERAN CHURCH","5280 BROADVIEW ROAD","PARMA","4B 4D"
6930,"A",41.3830889999999982,-81.7309659999999951,"PARMA LIBRARY","6996 POWERS BOULEVARD","PARMA","5B 5D 9A"
3880,"A",41.4413339999999977,-81.7058190000000053,"PEARL ROAD UNITED METHODIST CHURCH","4200 PEARL ROAD","CLEVELAND","4B 4C 11N"
3310,"A",41.4769360000000020,-81.6917859999999934,"PILGRIM CONGREGATIONAL CHURCH","2592 WEST 14TH STREET","CLEVELAND","7K 7P"
6940,"A",41.3650170000000017,-81.7540900000000050,"PLEASANT VALLEY ELEMENTARY SCHOOL","9906 WEST PLEASANT VALLEY ROAD","PARMA","5A 7B 7C 7E"
1940,"A",41.4810870000000023,-81.5837649999999996,"PLYMOUTH CHURCH UCC","2860 COVENTRY ROAD","SHAKER HTS","Cleveland: 3N 3P 3R & Shaker Hts: A C"
8178,"A",41.4629520000000014,-81.7340769999999992,"PRIMERA IGLESIA BAUTISTA HISPANA","6800 DENISON AVENUE","CLEVELAND","11I 11J 14A"
4890,"A",41.5354140000000029,-81.5747140000000002,"PROSPECT ACADEMY","1843 STANWOOD ROAD","EAST CLEVELAND","4A 4C 4D 4E 4F"
8310,"A",41.5542900000000017,-81.4958900000000028,"RICHMOND HTS UPPER SCHOOL","447 RICHMOND ROAD","RICHMOND HTS","2A 2B 3A 3B 3C"
6710,"A",41.4158770000000018,-81.7391310000000004,"RIDGE-BROOK ELEMENTARY SCHOOL","7915 MANHATTAN AVENUE","PARMA","1D 1E 1F"
6890,"A",41.3911659999999983,-81.7351349999999996,"RIDGEWOOD UNITED METHODIST CHURCH","6330 RIDGE ROAD","PARMA","2E 8A 8C"
8040,"A",41.4642270000000011,-81.7968070000000012,"RIVERSIDE ELEMENTARY SCHOOL","14601 MONTROSE AVENUE","CLEVELAND","13A 15N 15P"
2880,"A",41.4868499999999969,-81.7049769999999995,"RIVERVIEW APARTMENTS","1795 WEST 25TH STREET","CLEVELAND","7E 7G"
2580,"A",41.4482840000000010,-81.5803180000000054,"ROBERT H JAMISON PRE K-8 SCHOOL","4092 EAST 146TH STREET","CLEVELAND","1B 1C 1K 1O (No Active Splits Nov 2025)"
8256,"A",41.4298379999999966,-81.8017750000000063,"ROBINSON G JONES ELEMENTARY SCHOOL","4550 WEST 150TH STREET","CLEVELAND","13L 13M"
7050,"A",41.4678719999999998,-81.8547559999999947,"ROCKY RIVER CIVIC CENTER","21016 HILLIARD BOULEVARD","ROCKY RIVER","2A 2B 2D 4A 4B 4C 4D"
7070,"A",41.4723600000000019,-81.8617100000000022,"ROCKY RIVER PRESBYTERIAN CHURCH","21750 DETROIT ROAD","ROCKY RIVER","1B 1C 1D 2C"
7030,"A",41.4808510000000012,-81.8383419999999973,"ROCKY RIVER UNITED METHODIST CHURCH","19414 DETROIT ROAD","ROCKY RIVER","1A 3A 3B 3C 3D"
5640,"A",41.4736040000000017,-81.7941210000000041,"ROOSEVELT ELEMENTARY SCHOOL","14237 ATHENS AVENUE","LAKEWOOD","2I 3C 3D 3H"
8153,"A",41.4817729999999969,-81.7381599999999935,"SAGRADA FAMILIA","7719 DETROIT AVENUE","CLEVELAND","7N 7O 11A 11E"
3420,"A",41.4698560000000001,-81.7168700000000001,"SALVATION ARMY CLARK","4402 CLARK AVENUE","CLEVELAND","7J 14K 14M"
2940,"A",41.5767549999999986,-81.5572090000000003,"SALVATION ARMY GROVEWOOD","17625 GROVEWOOD AVENUE","CLEVELAND","10I 10L"
8324,"A",41.4948300000000003,-81.6676099999999963,"SANKOFA VILLAGE APARTMENTS","2390 EAST 30TH STREET","CLEVELAND","5A 5N"
2340,"A",41.4438549999999992,-81.7714809999999943,"SECOND CALVARY BAPTIST CHURCH","12017 EMERY AVENUE","CLEVELAND","Cleveland: 13F 13G & Linndale A"
8316,"A",41.3665000000000020,-81.6815500000000014,"SEVEN HILLS RECREATION CENTER","7777 SUMMITVIEW DRIVE","SEVEN HILLS","3A 3B 4A 4B"
7310,"A",41.4632810000000021,-81.5400960000000055,"SHAKER FAMILY CENTER","19824 SUSSEX ROAD","SHAKER HTS","J N"
7390,"A",41.4772800000000004,-81.5323269999999951,"SHAKER HTS MIDDLE SCHOOL","20600 SHAKER BOULEVARD","SHAKER HTS","B I O P T U"
5905,"A",41.5022499999999965,-81.4826050000000066,"SHERRI PARK APARTMENTS","2201 ACACIA PARK DRIVE","LYNDHURST","3A"
6880,"A",41.3957970000000017,-81.6972669999999965,"SHILOH MIDDLE SCHOOL","2303 GRANTWOOD DRIVE","PARMA","4C 9D"
8158,"A",41.6134050000000002,-81.5040070000000014,"SHOREVIEW ELEMENTARY SCHOOL","490 EAST 260TH STREET","EUCLID","5B 7A 7B"
8079,"A",41.3866609999999966,-81.4362830000000031,"SOLON CITY HALL","34200 BAINBRIDGE ROAD","SOLON","6A 6B 6C"
8249,"A",41.3777990000000031,-81.4289310000000057,"SOLON COMMUNITY CENTER","35000 PORTZ PARKWAY","SOLON","2A 2B 3A 3B 4A 4B 4C 7A 7B"
8262,"A",41.5090530000000015,-81.5196459999999945,"SOUTH EUCLID - LYNDHURST BRANCH LIBRARY","1876 SOUTH GREEN ROAD","SOUTH EUCLID","3A 3B 3C"
7160,"A",41.5225459999999984,-81.5213389999999976,"SOUTH EUCLID COMMUNITY CENTER","1370 VICTORY DRIVE","SOUTH EUCLID","1A 1B 2A 2B 2C 2D"
8329,"A",41.3039699999999996,-81.6600880000000018,"SOUTH SUBURBAN MONTESSORI SCHOOL","4450 OAKES ROAD","BRECKSVILLE","F H I J"
1030,"A",41.4842709999999997,-81.9608640000000008,"ST BARNABAS EPISCOPAL CHURCH","468 BRADLEY ROAD","BAY VILLAGE","4A 4B 4C"
2980,"A",41.5808019999999985,-81.5588989999999967,"ST JOHN LUTHERAN CHURCH","17403 NOTTINGHAM ROAD","CLEVELAND","10A 10G"
7890,"A",41.4540900000000008,-81.9451190000000054,"ST LADISLAS CHURCH","2345 BASSETT ROAD","WESTLAKE","3B 5A 5B 5C 5D"
4030,"A",41.4223819999999989,-81.6977559999999983,"ST LEO PARISH COMMUNITY CENTER","4940 BROADVIEW ROAD","CLEVELAND","4N 4O 4P"
8129,"A",41.3675560000000004,-81.8658999999999963,"ST MARYS CATHOLIC CHURCH","250 KRAFT STREET","BEREA","3A 3B"
2710,"A",41.4614910000000023,-81.7955209999999937,"ST MEL HALL","14436 TRISKETT ROAD","CLEVELAND","15M 15O 15Q"
1430,"A",41.3417639999999977,-81.6477309999999932,"ST MICHAELS WOODSIDE HALL","5025 EAST MILL ROAD","BROADVIEW HTS","2A 2B 2C 2D"
3920,"A",41.4354560000000021,-81.8210250000000059,"ST PATRICKS CHURCH","4427 ROCKY RIVER DRIVE","CLEVELAND","15C 15D 15G"
8194,"A",41.4955739999999977,-81.5813809999999933,"ST PAULS EPISCOPAL CHURCH","2747 FAIRMOUNT BOULEVARD","CLEVELAND HTS","1A 1E 1F"
7240,"A",41.3925839999999994,-81.6842610000000064,"ST PETER UNITED CHURCH OF CHRIST","125 EAST RIDGEWOOD DRIVE","SEVEN HILLS","1A 1B 2A 2B"
1590,"A",41.4426059999999978,-81.7395020000000017,"ST THOMAS MORE CHURCH","4180 NORTH AMBER DRIVE","BROOKLYN","11K 11L"
7350,"A",41.4655249999999995,-81.5654229999999956,"STEPHANIE TUBBS JONES COMMUNITY BUILDING","3450 LEE ROAD","SHAKER HTS","D E F G H"
2010,"A",41.5294370000000015,-81.6243489999999952,"STONEBROOK - WHITE SCHOOL","1000 EAST 92ND STREET","CLEVELAND","9M 9S"
8208,"A",41.3076269999999965,-81.8287380000000013,"STRONGSVILLE CITY SCHOOLS ADMIN OFFICES","18199 COOK AVENUE","STRONGSVILLE","2B 2E 2G 4A 4H"
7540,"A",41.3154430000000019,-81.8338109999999972,"STRONGSVILLE COMMUNITY LIBRARY","18700 WESTWOOD DRIVE","STRONGSVILLE","3A 3D 3H 4F"
7600,"A",41.3026330000000002,-81.8450919999999940,"STRONGSVILLE HIGH SCHOOL","20025 LUNN ROAD","STRONGSVILLE","4B 4D 4G"
7530,"A",41.3176989999999975,-81.8365550000000042,"STRONGSVILLE MIDDLE SCHOOL","13200 PEARL ROAD","STRONGSVILLE","3B 3C"
5135,"A",41.6168570000000031,-81.5024389999999954,"STS ROBERT AND WILLIAM CATHOLIC SCHOOL","351 EAST 260TH STREET","EUCLID","6A 6B 6C 7C 7D"
4900,"A",41.5216259999999977,-81.5882349999999974,"SUPERIOR SCHOOL FOR THE PERFORMING ARTS","1865 GARFIELD ROAD","EAST CLEVELAND","2A 2B 2D"
6600,"A",41.4913960000000017,-81.4621640000000014,"THE CHURCH OF THE WESTERN RESERVE","30500 FAIRMOUNT BOULEVARD","PEPPER PIKE","A B E"
8337,"A",41.5012100000000004,-81.6827700000000050,"THE CITY CLUB OF CLEVELAND","1317 EUCLID AVENUE","CLEVELAND","5E 5I"
8181,"A",41.5167160000000024,-81.4446319999999986,"THE DRAKE APARTMENTS","6503 1/2 MARSOL ROAD","MAYFIELD HTS","J"
8258,"A",41.4440049999999971,-81.8549820000000068,"THE GEMINI CENTER","21225 LORAIN ROAD","FAIRVIEW PARK","2A 2B 2C"
6810,"A",41.4141120000000029,-81.7217809999999929,"THOREAU PARK ELEMENTARY SCHOOL","5401 WEST 54TH STREET","PARMA","3B 3C 3E"
4550,"A",41.5102550000000008,-81.6268879999999939,"THURGOOD MARSHALL RECREATION CENTER","8611 HOUGH AVENUE","CLEVELAND","6A 6B 8J 8P"
3250,"A",41.4786610000000024,-81.6867519999999985,"TREMONT MONTESSORI SCHOOL","2409 WEST 10TH STREET","CLEVELAND","7F 7M (No Active Splits Nov 2025)"
8135,"A",41.3642919999999989,-81.7954699999999946,"TRINITY CHURCH","14040 EAST BAGLEY ROAD","MIDDLEBURG HTS","4A 4B"
8117,"A",41.4089290000000005,-81.8191209999999955,"UAW HALL LOCAL 1250","17250 HUMMEL ROAD","BROOK PARK","3A.01 3A.02 3B 3C"
3570,"A",41.4639540000000011,-81.6163360000000040,"UNION SQUARE APARTMENTS","3495 EAST 98TH STREET","CLEVELAND","6E"
7170,"A",41.5011009999999985,-81.5408869999999979,"UNIVERSITY HTS LIBRARY","13866 CEDAR ROAD","UNIVERSITY HTS","S Euc 4A & Unv. Hts: A B"
6670,"A",41.3729810000000029,-81.7585279999999983,"VALLEY FORGE HIGH SCHOOL","9999 INDEPENDENCE BOULEVARD","PARMA HTS","3A 3B 3C"
7710,"A",41.3806689999999975,-81.6068889999999953,"VALLEY VIEW COMMUNITY CENTER","6828 HATHAWAY ROAD","VALLEY VIEW","A B"
8336,"A",41.5186898204116517,-81.5197530404710733,"VICS EVENT CENTER","1512 SOUTH GREEN ROAD","SOUTH EUCLID","3D 4D"
8007,"A",41.5285089999999997,-81.5779289999999975,"W H KIRK MIDDLE SCHOOL","14410 TERRACE ROAD","EAST CLEVELAND","2C 3A 3C"
4370,"A",41.5154009999999971,-81.6348559999999992,"WADE PARK SCHOOL","7600 WADE PARK AVENUE","CLEVELAND","8F 8H"
8333,"A",41.3576588476811011,-81.5792393648392391,"WALTON HILLS COMMUNITY EVENT CENTER","14660 ALEXANDER ROAD","WALTON HILLS","A B"
8180,"A",41.4385449999999977,-81.6275749999999931,"WARNER GIRLS LEADERSHIP ACADEMY","8315 JEFFRIES AVENUE","CLEVELAND","2M 2N"
7780,"A",41.4408540000000016,-81.5257790000000000,"WARRENSVILLE HTS BRANCH LIBRARY","4415 NORTHFIELD ROAD","WARRENSVILLE HTS","4A 4B"
8170,"A",41.4364139999999992,-81.5155919999999981,"WARRENSVILLE HTS SENIOR CENTER","4567 GREEN ROAD","WARRENSVILLE HTS","5A 5B 6A 7A 7B.01 7B.02"
8234,"A",41.4267219999999980,-81.7792160000000052,"WEST PARK ACADEMY","4697 WEST 130TH STREET","CLEVELAND","13N 13O 13P 13Q"
8321,"A",41.4616100000000003,-81.8893400000000042,"WESTLAKE BOE AT HILLIARD","24365 HILLIARD BOULEVARD","WESTLAKE","1D 2A 2C 3A"
8056,"A",41.4607969999999995,-81.9246810000000067,"WESTLAKE CITY HALL","27700 HILLIARD BOULEVARD","WESTLAKE","3C 3D"
8313,"A",41.4438900000000032,-81.9381999999999948,"WESTLAKE CTR FOR COMMUNITY SERVICES","28975 HILLIARD BOULEVARD","WESTLAKE","2B 2D 6A 6B 6C 6D"
8196,"A",41.4449230000000028,-81.9388830000000041,"WESTLAKE RECREATION CENTER","28955 HILLIARD BOULEVARD","WESTLAKE","4A 4B 4C 4D"
8252,"A",41.4518130000000014,-81.7632849999999962,"WESTSIDE COMMUNITY SCHOOL OF THE ARTS","3727 BOSWORTH ROAD","CLEVELAND","12J 12M"
8315,"A",41.4492300000000000,-81.5531799999999976,"WHITNEY YOUNG PRE-8 SCHOOL","17900 HARVARD AVENUE","CLEVELAND","1L 1M 1N 1P 1Q"
8253,"A",41.4276869999999988,-81.7248409999999978,"WILLIAM RAINEY HARPER PRE-3 SCHOOL","5515 IRA AVENUE","CLEVELAND","4J 4K 4L"
8154,"A",41.5239029999999971,-81.6274130000000042,"WILLSON SCHOOL","1126 ANSEL ROAD","CLEVELAND","8G 8I"
8240,"A",41.5350299999999990,-81.6230029999999971,"WILLSON UNITED METHODIST CHURCH","9226 ST CLAIR AVENUE","CLEVELAND","8K 8M 8N"
7860,"A",41.4626560000000026,-81.4815679999999958,"WOODMERE TOWN HALL","27899 CHAGRIN BOULEVARD","WOODMERE","A"
6170,"A",41.4131089999999986,-81.5626960000000025,"WYLIE ATHLETIC CENTER AT MAPLE HTS HIGH","1 MUSTANG WAY","MAPLE HTS","4A 4B 4C 5A 5B 6A 6B 7A 7B 7C"
2390,"A",41.4723370000000031,-81.6088850000000008,"ZELMA GEORGE RECREATION CENTER","3155 MARTIN LUTHER KING JR DRIVE","CLEVELAND","3C. 3D 3E 3F 3G 3Q (No Active Splits Nov 2025)"
