"poll_id","location_line_1","location_line_2","Zone"
8133,"ABRAHAM LINCOLN ELEMENTARY SCHOOL","6009 DUNHAM ROAD",3
7470,"ADVENT LUTHERAN CHURCH SOLON","5525 HARPER ROAD",3
8251,"ALBERT BUSHNELL HART ELEMENTARY SCHOOL","3900 EAST 75TH STREET",3
8176,"ALMIRA K-8 SCHOOL","3375 WEST 99TH STREET",4
3150,"AMBLESIDE TOWERS APARTMENTS","2190 AMBLESIDE DRIVE",2
8115,"AMERICAN LEGION POST 572","6483 STATE ROAD",5
8306,"AMERICAN LEGION POST 738","19311 LORAIN ROAD",6
8039,"ANDREW J RICKOFF PRE K-8 SCHOOL","3500 EAST 147TH STREET",3
3390,"ANTON GRDINA ELEMENTARY SCHOOL","2955 EAST 71ST STREET",4
8261,"ARBOR ELEMENTARY SCHOOL","20400 ARBOR AVENUE",1
8109,"ARTEMUS WARD PRE K-8 SCHOOL","4315 WEST 140TH STREET",4
8327,"ASIAN TOWN CENTER","3820 SUPERIOR AVENUE",4
8199,"ATHLETIC WING OF ORANGE HIGH SCHOOL","32000 CHAGRIN BOULEVARD",1
1100,"BAY PRESBYTERIAN CHURCH","25415 LAKE ROAD",6
8254,"BAY UNITED METHODIST CHURCH","29931 LAKE ROAD",6
8013,"BAY VILLAGE MIDDLE SCHOOL","27725 WOLF ROAD",6
8326,"BEACHWOOD COMMUNITY CENTER","25325 FAIRMOUNT BLVD",1
1120,"BEACHWOOD HIGH SCHOOL","25100 FAIRMOUNT BLVD",1
1280,"BEDFORD HIGH SCHOOL","481 NORTHFIELD ROAD",3
1190,"BEDFORD HTS COMMUNITY CENTER","5615 PERKINS ROAD",3
1390,"BENTLEYVILLE VILLAGE HALL","6253 CHAGRIN RIVER ROAD",3
8275,"BEREA BRANCH LIBRARY","7 BEREA COMMONS",6
8296,"BEREA RECREATION CENTER","451 FRONT STREET",6
7615,"BESSIE KINSNER ELEMENTARY SCHOOL","19091 WATERFORD PARKWAY",5
8192,"BETHANY BAPTIST CHURCH","1211 EAST 105TH STREET",2
8112,"BETHEL CHRISTIAN","12901 WEST PLEASANT VALLEY ROAD",5
4960,"BLUESTONE ELEMENTARY SCHOOL","1455 EAST 260TH STREET",1
8280,"BOYS AND GIRLS CLUBS OF CLEVELAND","6114 BROADWAY AVENUE",4
1651,"BRATENAHL COMMUNITY CENTER","10300 BRIGHTON ROAD",2
1540,"BRECKSVILLE COMMUNITY CENTER","1 COMMUNITY DRIVE",5
8206,"BROADVIEW HTS BAPTIST CHURCH","9850 BROADVIEW ROAD",5
1400,"BROADVIEW HTS COMMUNITY BUILDING","9543 BROADVIEW ROAD",5
1460,"BROOK PARK RECREATION CENTER","17400 HOLLAND ROAD",5
1510,"BROOK PARK UNITED METHODIST CHURCH","6220 SMITH ROAD",5
1000,"BROOKLYN HTS COMMUNITY CENTER","225 TUXEDO AVENUE",4
3120,"BROOKLYN HTS UNITED CHURCH OF CHRIST","2005 WEST SCHAAF ROAD",4
1630,"BROOKLYN SENIOR COMMUNITY CENTER","7727 MEMPHIS AVENUE",4
1130,"BRYDEN ELEMENTARY SCHOOL","25501 BRYDEN ROAD",1
8102,"CALEDONIA ELEMENTARY SCHOOL","914 CALEDONIA AVENUE",2
1850,"CANTERBURY ELEMENTARY SCHOOL","2530 CANTERBURY ROAD",2
1670,"CHAGRIN FALLS HIGH SCHOOL","400 EAST WASHINGTON STREET",3
8319,"CHANCE LIGHT EUCLID SCHOOL","1941 SAGAMORE DRIVE",1
8144,"CHARDON HILLS STEM SCHOOL","1750 EAST 234TH STREET",1
3440,"CHARLES A MOONEY MIDDLE SCHOOL","3213 MONTCLAIR AVENUE",4
8125,"CHARLES DICKENS ELEMENTARY SCHOOL","13013 CORLETT AVENUE",3
7110,"CHRISTIAN ASSEMBLY","25595 CHARDON ROAD",1
6320,"CHURCH OF ST CLARENCE","30106 LORAIN ROAD",6
8190,"CHURCH OF ST MARY OF THE ASSUMPTION","15519 HOLMES AVENUE",2
2420,"CITIZENS ACADEMY EAST","12523 WOODSIDE AVENUE",2
7870,"CLAGUE CABIN","1500 CLAGUE ROAD",6
6330,"CLAGUE ROAD UNITED CHURCH OF CHRIST","3650 CLAGUE ROAD",6
3050,"CLARA E WESTROPP MIDDLE SCHOOL","19101 PURITAS AVENUE",6
4191,"CLEVELAND COLLEGE PREPARATORY SCHOOL","4906 FLEET AVENUE",3
8140,"CLEVELAND HTS COMMUNITY CENTER","1 MONTICELLO BOULEVARD",2
8288,"COLLINWOOD RECREATION CENTER","16300 LAKE SHORE BOULEVARD",2
8293,"COMMUNITY ROOM IN OLMSTED TOWNSHIP","7900 FITCH ROAD",6
5940,"CORNERSTONE COMMUNITY CHURCH","1400 LANDER ROAD",1
6660,"CROSS OF HOPE CHURCH","8971 WEST RIDGEWOOD DRIVE",5
3040,"CUDELL RECREATION CENTER","1910 WEST BOULEVARD",4
4700,"CUYAHOGA HTS VILLAGE HALL","4863 EAST 71ST STREET",3
1550,"CUYAHOGA VALLEY CAREER CENTER","8001 BRECKSVILLE ROAD",5
1730,"DEBORAH DELISLE EDUCATIONAL OPTIONS CTR","14780 SUPERIOR ROAD",2
3710,"DENISON ELEMENTARY SCHOOL","3799 WEST 33RD STREET",4
6750,"DENTZLER ELEMENTARY SCHOOL","3600 DENTZLER ROAD",5
8113,"DOLAN SCIENCE CENTER AT JOHN CARROLL","1 JOHN CARROLL BOULEVARD",1
6680,"DONNA SMALLWOOD ACTIVITIES CENTER","7001 WEST RIDGEWOOD DRIVE",5
1600,"DR MARTIN LUTHER EVANGELICAL LUTHERAN CH","4470 RIDGE ROAD",4
8111,"EAST CLARK SCHOOL","885 EAST 146TH STREET",2
8235,"EAST TECH HIGH SCHOOL","2439 EAST 55TH STREET",4
7550,"EDITH WHITNEY ELEMENTARY SCHOOL","13548 WHITNEY ROAD",5
7620,"EDNA SURRARRER ELEMENTARY SCHOOL","9306 PRIEM ROAD",5
8188,"EHRNFELT RECREATION SENIOR CENTER","18100 ROYALTON ROAD",5
6720,"ELKS HALL","2300 SNOW ROAD",5
1240,"ELLENWOOD CENTER","124 ELLENWOOD AVENUE",3
5610,"EMERSON ELEMENTARY SCHOOL","13439 CLIFTON BOULEVARD",6
8331,"ESTABROOK RECREATION CENTER","4125 FULTON ROAD",4
8318,"EUCLID EARLY LEARNING VILLAGE","27000 ELINORE AVENUE",1
4920,"EUCLID LAKE FRONT COMMUNITY CENTER","1 BLISS LANE",1
8151,"EUCLID PARK SCHOOL","17914 EUCLID AVENUE",2
1900,"FAIRFAX ELEMENTARY SCHOOL","3150 FAIRFAX ROAD",2
3230,"FAIRFAX RECREATION CENTER","2335 EAST 82ND STREET",2
2380,"FAIRHILL PARTNERS","12200 FAIRHILL ROAD",2
5210,"FAIRVIEW PARK CITY HALL","20777 LORAIN ROAD",6
8032,"FAIRVIEW PARK REGIONAL LIBRARY","21255 LORAIN ROAD",6
6510,"FALLS LENOX PRIMARY SCHOOL","26450 BAGLEY ROAD",6
4270,"FATIMA FAMILY CENTER","6600 LEXINGTON AVENUE",2
7280,"FERNWAY ELEMENTARY SCHOOL","17420 FERNWAY ROAD",1
8073,"FIRST BAPTIST CHURCH","835 TREBISKY ROAD",1
8239,"FIRST ZION MISSIONARY BAPTIST CHURCH","10313 GARFIELD AVENUE",2
8325,"FRANK L WILEY SCHOOL","2181 MIRAMAR BOULEVARD",1
8173,"FRANKLIN D ROOSEVELT PRE K-8","800 LINN DRIVE",2
8314,"FREDERICK DOUGLASS RECREATION CENTER","15401 MILES AVENUE",3
8087,"FRIENDLY INN SETTLEMENT","2386 UNWIN ROAD",4
3620,"FULTON BRANCH LIBRARY","3545 FULTON ROAD",4
3720,"GARFIELD ELEMENTARY SCHOOL","3800 WEST 140TH STREET",4
8198,"GARFIELD HTS BRANCH LIBRARY","5409 TURNEY ROAD",3
5280,"GARFIELD HTS HIGH SCHOOL","4900 TURNEY ROAD",3
8067,"GARFIELD SCHOOL","13114 DETROIT AVENUE",6
8320,"GARRETT MORGAN HIGH SCHOOL","4600 DETROIT AVENUE",4
5400,"GATES MILLS COMMUNITY HOUSE","1460 CHAGRIN RIVER ROAD",1
7630,"GEARITY PROFESSIONAL DEVELOPMENT SCHOOL","2323 WRENFORD ROAD",1
1260,"GLENDALE PRIMARY SCHOOL","400 WEST GLENDALE AVENUE",3
4220,"GLENVILLE HIGH SCHOOL","650 EAST 113TH STREET",2
5410,"GLENWILLOW VILLAGE HALL","29555 PETTIBONE ROAD",3
8028,"GRACE CHRISTIAN MISSIONARY ALLIANCE CH","7393 PEARL ROAD",5
5690,"GRANT ELEMENTARY SCHOOL","1470 VICTORIA AVENUE",6
7485,"GRANTWOOD GOLF COURSE","38855 AURORA ROAD",3
6730,"GREEN VALLEY ELEMENTARY SCHOOL","2401 WEST PLEASANT VALLEY ROAD",5
6630,"GREENBRIAR MIDDLE SCHOOL ANNEX","11810 HUFFMAN ROAD",5
8025,"GUNNING PARK RECREATION CENTER","16700 PURITAS AVENUE",6
8250,"HALLE SCHOOL OF INQUIRY","7901 HALLE AVENUE",4
2280,"HALLORAN SKATING RINK","11815 LINNET AVENUE",4
8064,"HANNAH GIBBONS-NOTTINGHAM SCHOOL","1401 LARCHMONT ROAD",2
5750,"HARDING MIDDLE SCHOOL","16601 MADISON AVENUE",6
8068,"HARRISON ELEMENTARY SCHOOL","2080 QUAIL STREET",6
5730,"HAYES ELEMENTARY SCHOOL","16401 DELAWARE AVENUE",6
1350,"HERITAGE CONGREGATIONAL CHURCH","485 WEST STREET",6
5420,"HIGHLAND HILLS VILLAGE HALL","3700 NORTHFIELD ROAD",3
5450,"HIGHLAND HTS COMMUNITY CENTER","5827 HIGHLAND ROAD",1
8059,"HOPE UNITED CHURCH","499 TREBISKY ROAD",1
5520,"HORACE MANN ELEMENTARY SCHOOL","1215 WEST CLIFTON BOULEVARD",6
7560,"HOWARD CHAPMAN ELEMENTARY SCHOOL","13883 DRAKE ROAD",5
5440,"HUNTING VALLEY VILLAGE HALL","38251 FAIRMOUNT BOULEVARD",1
8187,"IMANI TEMPLE MINISTRIES","2463 NORTH TAYLOR ROAD",2
8233,"INDEPENDENCE CIVIC CENTER","6363 SELIG DRIVE",5
8072,"JOHN ADAMS HIGH SCHOOL","3817 MARTIN LUTHER KING JR DRIVE",3
8279,"JOHN HAY HIGH SCHOOL","2075 STOKES BOULEVARD",2
6250,"JOHN KNOX PRESBYTERIAN CHURCH","25200 LORAIN ROAD",6
6700,"JOHN MUIR ELEMENTARY SCHOOL","5531 WEST 24TH STREET",5
3320,"LAKEVIEW TOWERS APARTMENTS","2700 WASHINGTON AVENUE",4
5570,"LAKEWOOD CITY HALL","12650 DETROIT AVENUE",6
5680,"LAKEWOOD PRESBYTERIAN CHURCH","14502 DETROIT AVENUE",6
5720,"LAKEWOOD UNITED METHODIST CHURCH","15700 DETROIT AVENUE",6
8189,"LAKEWOOD WOMANS CLUB PAVILION","14532 LAKE AVE",6
8048,"LEE ROAD LIBRARY","2345 LEE ROAD",2
3430,"LINCOLN WEST HIGH SCHOOL","3202 WEST 30TH STREET",4
7290,"LOMOND ELEMENTARY SCHOOL","17917 LOMOND BOULEVARD",1
2070,"LOUISA MAY ALCOTT ELEMENTARY SCHOOL","10308 BALTIC ROAD",4
2860,"LUIS MUNOZ MARIN MIDDLE SCHOOL","1701 CASTLE AVENUE",4
8083,"LYNDHURST COMMUNITY CENTER","1341 PARKVIEW DRIVE",1
5880,"LYNDHURST COMMUNITY OF FAITH CHURCH","5312 MAYFIELD ROAD",1
8328,"MAGNET CONSULTING","1800 EAST 63RD STREET",2
6240,"MAPLE ELEMENTARY SCHOOL","24101 MAPLE RIDGE ROAD",6
8080,"MAPLE HTS BRANCH LIBRARY","5225 LIBRARY LANE",3
8160,"MAPLE LEAF ELEMENTARY SCHOOL","5764 TURNEY ROAD",3
3380,"MARION STERLING ELEMENTARY SCHOOL","3033 CENTRAL AVENUE",4
2290,"MARY M BETHUNE SCHOOL","11815 MOULTON AVENUE",2
8203,"MAX S. HAYES HIGH SCHOOL","2211 WEST 65TH STREET",4
8074,"MAYFAIR ELEMENTARY SCHOOL","13916 MAYFAIR AVENUE",2
8334,"MAYFIELD HTS AQUATIC & COMMUNITY CENTER","6080 MARSOL ROAD",1
8205,"MAYFIELD VILLAGE CIVIC CENTER","6622 WILSON MILLS ROAD",1
8041,"MEMORIAL SCHOOL","410 EAST 152ND STREET",2
8179,"MESSIAH LUTHERAN CHURCH","5200 MAYFIELD ROAD",1
6770,"MICHAEL A RIES RINK","5000 FORESTWOOD DRIVE",5
4190,"MICHAEL ZONE RECREATION CENTER","6301 LORAIN AVENUE",4
8244,"MIDDLEBURG HTS BRANCH LIBRARY","16699 EAST BAGLEY ROAD",5
6065,"MIDDLEBURG HTS COMMUNITY CENTER","16000 EAST BAGLEY ROAD",5
8147,"MILES PARK K-8 SCHOOL","4090 EAST 93RD STREET",3
2330,"MILES PRE K-8","11918 MILES AVENUE",3
8302,"MOORE COUNSELING AND MEDIATION SERVICES","22639 EUCLID AVENUE",1
3290,"MORNING STAR BAPTIST CHURCH","10250 SHAKER BOULEVARD",3
8182,"MOUND-STEM SCHOOL","5935 ACKLEY ROAD",4
8332,"MOUNT ZION FELLOWSHIP","4265 NORTHFIELD ROAD",3
8134,"MURTIS TAYLOR HUMAN SERVICES CENTER","13411 UNION AVENUE",3
8201,"NATHAN HALE ELEMENTARY SCHOOL","3588 MARTIN LUTHER KING JR DRIVE",3
8322,"NEW HOPE CHURCH","22960 LORAIN ROAD",6
8185,"NEW LIFE CATHEDRAL","16200 EUCLID AVENUE",2
8290,"NEW TECH WEST","11801 WORTHINGTON AVENUE",4
6740,"NORMANDY HIGH SCHOOL","2500 WEST PLEASANT VALLEY ROAD",5
6280,"NORTH OLMSTED BRANCH LIBRARY","27403 LORAIN ROAD",6
6370,"NORTH RANDALL VILLAGE HALL","4610 NORTHFIELD ROAD",3
8162,"NORTH ROYALTON BRANCH LIBRARY","5071 WALLINGS ROAD",5
8237,"NORTH ROYALTON CITY HALL","14600 STATE ROAD",5
8312,"NORTH ROYALTON ELEMENTARY SCHOOL","16400 STATE ROAD",5
6410,"NORTH ROYALTON SENIOR CENTER","13220 RIDGE ROAD",5
6532,"OAKWOOD COMMUNITY CENTER","23035 BROADWAY AVENUE",3
3130,"OLD STONE CHURCH","91 PUBLIC SQUARE",4
8255,"OLIVER HAZARD PERRY ELEMENTARY SCHOOL","18400 SCHENELY AVENUE",2
8156,"OLMSTED FALLS INTERMEDIATE SCHOOL","27043 BAGLEY ROAD",6
8106,"OLMSTED FALLS MIDDLE SCHOOL","27045 BAGLEY ROAD",6
6580,"ORANGE VILLAGE HALL","4600 LANDER ROAD",1
3670,"OUR LADY OF ANGELS LINUS HALL","3600 ROCKY RIVER DRIVE",6
4910,"OUR LADY OF THE LAKE","175 EAST 200TH STREET",1
5910,"OUR SAVIOR LUTHERAN CHURCH","2154 SOM CENTER ROAD",1
6790,"PARMA EVANGELICAL LUTHERAN CHURCH","5280 BROADVIEW ROAD",5
6930,"PARMA LIBRARY","6996 POWERS BOULEVARD",5
3880,"PEARL ROAD UNITED METHODIST CHURCH","4200 PEARL ROAD",4
3310,"PILGRIM CONGREGATIONAL CHURCH","2592 WEST 14TH STREET",4
6940,"PLEASANT VALLEY ELEMENTARY SCHOOL","9906 WEST PLEASANT VALLEY ROAD",5
1940,"PLYMOUTH CHURCH UCC","2860 COVENTRY ROAD",3
8178,"PRIMERA IGLESIA BAUTISTA HISPANA","6800 DENISON AVENUE",4
4890,"PROSPECT ACADEMY","1843 STANWOOD ROAD",2
8310,"RICHMOND HTS UPPER SCHOOL","447 RICHMOND ROAD",1
6710,"RIDGE-BROOK ELEMENTARY SCHOOL","7915 MANHATTAN AVENUE",5
6890,"RIDGEWOOD UNITED METHODIST CHURCH","6330 RIDGE ROAD",5
8040,"RIVERSIDE ELEMENTARY SCHOOL","14601 MONTROSE AVENUE",6
2880,"RIVERVIEW APARTMENTS","1795 WEST 25TH STREET",4
2580,"ROBERT H JAMISON PRE K-8 SCHOOL","4092 EAST 146TH STREET",3
8256,"ROBINSON G JONES ELEMENTARY SCHOOL","4550 WEST 150TH STREET",4
7050,"ROCKY RIVER CIVIC CENTER","21016 HILLIARD BOULEVARD",6
7070,"ROCKY RIVER PRESBYTERIAN CHURCH","21750 DETROIT ROAD",6
7030,"ROCKY RIVER UNITED METHODIST CHURCH","19414 DETROIT ROAD",6
5640,"ROOSEVELT ELEMENTARY SCHOOL","14237 ATHENS AVENUE",6
8153,"SAGRADA FAMILIA","7719 DETROIT AVENUE",4
3420,"SALVATION ARMY CLARK","4402 CLARK AVENUE",4
2940,"SALVATION ARMY GROVEWOOD","17625 GROVEWOOD AVENUE",2
8324,"SANKOFA VILLAGE APARTMENTS","2390 EAST 30TH STREET",4
2340,"SECOND CALVARY BAPTIST CHURCH","12017 EMERY AVENUE",4
8316,"SEVEN HILLS RECREATION CENTER","7777 SUMMITVIEW DRIVE",5
7310,"SHAKER FAMILY CENTER","19824 SUSSEX ROAD",1
7390,"SHAKER HTS MIDDLE SCHOOL","20600 SHAKER BOULEVARD",1
5905,"SHERRI PARK APARTMENTS","2201 ACACIA PARK DRIVE",1
6880,"SHILOH MIDDLE SCHOOL","2303 GRANTWOOD DRIVE",5
8158,"SHOREVIEW ELEMENTARY SCHOOL","490 EAST 260TH STREET",1
8079,"SOLON CITY HALL","34200 BAINBRIDGE ROAD",3
8249,"SOLON COMMUNITY CENTER","35000 PORTZ PARKWAY",3
8262,"SOUTH EUCLID - LYNDHURST BRANCH LIBRARY","1876 SOUTH GREEN ROAD",1
7160,"SOUTH EUCLID COMMUNITY CENTER","1370 VICTORY DRIVE",1
8329,"SOUTH SUBURBAN MONTESSORI SCHOOL","4450 OAKES ROAD",5
1030,"ST BARNABAS EPISCOPAL CHURCH","468 BRADLEY ROAD",6
2980,"ST JOHN LUTHERAN CHURCH","17403 NOTTINGHAM ROAD",2
7890,"ST LADISLAS CHURCH","2345 BASSETT ROAD",6
4030,"ST LEO PARISH COMMUNITY CENTER","4940 BROADVIEW ROAD",4
8129,"ST MARYS CATHOLIC CHURCH","250 KRAFT STREET",6
2710,"ST MEL HALL","14436 TRISKETT ROAD",6
1430,"ST MICHAELS WOODSIDE HALL","5025 EAST MILL ROAD",5
3920,"ST PATRICKS CHURCH","4427 ROCKY RIVER DRIVE",6
8194,"ST PAULS EPISCOPAL CHURCH","2747 FAIRMOUNT BOULEVARD",2
7240,"ST PETER UNITED CHURCH OF CHRIST","125 EAST RIDGEWOOD DRIVE",5
1590,"ST THOMAS MORE CHURCH","4180 NORTH AMBER DRIVE",4
7350,"STEPHANIE TUBBS JONES COMMUNITY BUILDING","3450 LEE ROAD",1
2010,"STONEBROOK - WHITE SCHOOL","1000 EAST 92ND STREET",2
8208,"STRONGSVILLE CITY SCHOOLS ADMIN OFFICES","18199 COOK AVENUE",5
7540,"STRONGSVILLE COMMUNITY LIBRARY","18700 WESTWOOD DRIVE",5
7600,"STRONGSVILLE HIGH SCHOOL","20025 LUNN ROAD",5
7530,"STRONGSVILLE MIDDLE SCHOOL","13200 PEARL ROAD",5
5135,"STS ROBERT AND WILLIAM CATHOLIC SCHOOL","351 EAST 260TH STREET",1
4900,"SUPERIOR SCHOOL FOR THE PERFORMING ARTS","1865 GARFIELD ROAD",2
6600,"THE CHURCH OF THE WESTERN RESERVE","30500 FAIRMOUNT BOULEVARD",1
8337,"THE CITY CLUB OF CLEVELAND","1317 EUCLID AVENUE",4
8181,"THE DRAKE APARTMENTS","6503 1/2 MARSOL ROAD",1
8258,"THE GEMINI CENTER","21225 LORAIN ROAD",6
6810,"THOREAU PARK ELEMENTARY SCHOOL","5401 WEST 54TH STREET",5
4550,"THURGOOD MARSHALL RECREATION CENTER","8611 HOUGH AVENUE",2
3250,"TREMONT MONTESSORI SCHOOL","2409 WEST 10TH STREET",4
8135,"TRINITY CHURCH","14040 EAST BAGLEY ROAD",5
8117,"UAW HALL LOCAL 1250","17250 HUMMEL ROAD",5
3570,"UNION SQUARE APARTMENTS","3495 EAST 98TH STREET",3
7170,"UNIVERSITY HTS LIBRARY","13866 CEDAR ROAD",1
6670,"VALLEY FORGE HIGH SCHOOL","9999 INDEPENDENCE BOULEVARD",5
7710,"VALLEY VIEW COMMUNITY CENTER","6828 HATHAWAY ROAD",3
8336,"VICS EVENT CENTER","1512 SOUTH GREEN ROAD",1
8007,"W H KIRK MIDDLE SCHOOL","14410 TERRACE ROAD",2
4370,"WADE PARK SCHOOL","7600 WADE PARK AVENUE",2
8333,"WALTON HILLS COMMUNITY EVENT CENTER","14660 ALEXANDER ROAD",3
8180,"WARNER GIRLS LEADERSHIP ACADEMY","8315 JEFFRIES AVENUE",3
7780,"WARRENSVILLE HTS BRANCH LIBRARY","4415 NORTHFIELD ROAD",3
8170,"WARRENSVILLE HTS SENIOR CENTER","4567 GREEN ROAD",3
8234,"WEST PARK ACADEMY","4697 WEST 130TH STREET",4
8321,"WESTLAKE BOE AT HILLIARD","24365 HILLIARD BOULEVARD",6
8056,"WESTLAKE CITY HALL","27700 HILLIARD BOULEVARD",6
8313,"WESTLAKE CTR FOR COMMUNITY SERVICES","28975 HILLIARD BOULEVARD",6
8196,"WESTLAKE RECREATION CENTER","28955 HILLIARD BOULEVARD",6
8252,"WESTSIDE COMMUNITY SCHOOL OF THE ARTS","3727 BOSWORTH ROAD",4
8315,"WHITNEY YOUNG PRE-8 SCHOOL","17900 HARVARD AVENUE",3
8253,"WILLIAM RAINEY HARPER PRE-3 SCHOOL","5515 IRA AVENUE",4
8154,"WILLSON SCHOOL","1126 ANSEL ROAD",2
8240,"WILLSON UNITED METHODIST CHURCH","9226 ST CLAIR AVENUE",2
7860,"WOODMERE TOWN HALL","27899 CHAGRIN BOULEVARD",1
6170,"WYLIE ATHLETIC CENTER AT MAPLE HTS HIGH","1 MUSTANG WAY",3
2390,"ZELMA GEORGE RECREATION CENTER","3155 MARTIN LUTHER KING JR DRIVE",3
