"Poll_id","precinct_id","Municipal","Label"
1100,1385,"BAY VILLAGE","1A"
1100,600,"BAY VILLAGE","1B"
1100,307,"BAY VILLAGE","1C"
8013,597,"BAY VILLAGE","2A"
1100,591,"BAY VILLAGE","2B"
8013,659,"BAY VILLAGE","2C"
8254,1362,"BAY VILLAGE","3A"
8254,306,"BAY VILLAGE","3B"
8254,596,"BAY VILLAGE","3C"
1030,598,"BAY VILLAGE","4A"
1030,660,"BAY VILLAGE","4B"
1030,593,"BAY VILLAGE","4C"
8326,601,"BEACHWOOD","A"
8326,602,"BEACHWOOD","B"
1120,1173,"BEACHWOOD","C"
1130,605,"BEACHWOOD","D"
1130,607,"BEACHWOOD","E.01"
1130,1419,"BEACHWOOD","E.02"
1120,930,"BEACHWOOD","F"
8326,603,"BEACHWOOD","G"
1120,1364,"BEACHWOOD","H"
1120,1290,"BEACHWOOD","I"
1130,609,"BEACHWOOD","J"
1240,310,"BEDFORD","1A"
1240,613,"BEDFORD","1B"
1280,932,"BEDFORD","2A"
1280,615,"BEDFORD","2B"
1240,1367,"BEDFORD","3A"
1240,1193,"BEDFORD","3B"
1260,1174,"BEDFORD","4A"
1260,614,"BEDFORD","4B"
1260,871,"BEDFORD","5A"
1260,1144,"BEDFORD","5B"
1240,222,"BEDFORD","6A"
1240,612,"BEDFORD","6B"
1190,1143,"BEDFORD HEIGHTS","1A.01"
1190,645,"BEDFORD HEIGHTS","1A.02"
1190,610,"BEDFORD HEIGHTS","1B"
1190,299,"BEDFORD HEIGHTS","1C"
1190,309,"BEDFORD HEIGHTS","2A.01"
1190,1511,"BEDFORD HEIGHTS","2A.02"
1190,298,"BEDFORD HEIGHTS","2B"
1190,1316,"BEDFORD HEIGHTS","3A"
1190,1142,"BEDFORD HEIGHTS","3B"
1190,589,"BEDFORD HEIGHTS","4A"
1190,661,"BEDFORD HEIGHTS","4B"
8296,924,"BEREA","1A"
8296,878,"BEREA","1B"
8296,227,"BEREA","2A"
8296,226,"BEREA","2B.01"
8296,1382,"BEREA","2B.02"
8296,228,"BEREA","2C"
8129,875,"BEREA","3A"
8129,1194,"BEREA","3B"
8275,1268,"BEREA","4A"
8275,918,"BEREA","4B"
1350,873,"BEREA","5A"
1350,224,"BEREA","5B"
1350,874,"BEREA","5C"
1000,454,"BROOKLYN HEIGHTS","A"
1390,427,"BENTLEYVILLE","A"
1550,579,"BRECKSVILLE","A"
1550,319,"BRECKSVILLE","B"
1540,1411,"BRECKSVILLE","C"
1540,1136,"BRECKSVILLE","D"
1540,940,"BRECKSVILLE","E"
8329,621,"BRECKSVILLE","F"
1540,1175,"BRECKSVILLE","G"
8329,576,"BRECKSVILLE","H"
8329,1134,"BRECKSVILLE","I"
8329,941,"BRECKSVILLE","J"
1400,662,"BROADVIEW HEIGHTS","1A"
8206,936,"BROADVIEW HEIGHTS","1B"
1400,229,"BROADVIEW HEIGHTS","1C"
1430,880,"BROADVIEW HEIGHTS","2A"
1430,1270,"BROADVIEW HEIGHTS","2B"
1430,315,"BROADVIEW HEIGHTS","2C"
1430,1458,"BROADVIEW HEIGHTS","2D"
1400,881,"BROADVIEW HEIGHTS","3A"
1400,230,"BROADVIEW HEIGHTS","3B"
1400,1446,"BROADVIEW HEIGHTS","3C"
8206,1448,"BROADVIEW HEIGHTS","4A"
1400,882,"BROADVIEW HEIGHTS","4B"
8206,1292,"BROADVIEW HEIGHTS","4C"
8206,1466,"BROADVIEW HEIGHTS","4D"
1630,942,"BROOKLYN","A"
1630,1139,"BROOKLYN","B"
1600,584,"BROOKLYN","C"
1600,582,"BROOKLYN","D"
1630,648,"BROOKLYN","E"
1630,1412,"BROOKLYN","F"
1600,943,"BROOKLYN","G"
1600,320,"BROOKLYN","H"
1460,318,"BROOK PARK","1A"
1460,620,"BROOK PARK","1B"
1460,938,"BROOK PARK","1C"
1510,619,"BROOK PARK","2A"
1510,232,"BROOK PARK","2B"
1510,618,"BROOK PARK","2C"
8117,617,"BROOK PARK","3A.01"
8117,1514,"BROOK PARK","3A.02"
8117,316,"BROOK PARK","3B"
8117,1147,"BROOK PARK","3C"
1460,1368,"BROOK PARK","4A"
1460,1146,"BROOK PARK","4B"
1460,1047,"BROOK PARK","4C"
1651,321,"BRATENAHL","A"
1670,1317,"CHAGRIN FALLS VILLAGE","A"
1670,585,"CHAGRIN FALLS VILLAGE","B"
1670,944,"CHAGRIN FALLS VILLAGE","C"
1670,1140,"CHAGRIN FALLS VILLAGE","D"
1670,1293,"CHAGRIN FALLS TWP","A"
8039,1396,"CLEVELAND","1A"
2580,12,"CLEVELAND","1B."
2580,41,"CLEVELAND","1C"
8039,553,"CLEVELAND","1D."
8314,745,"CLEVELAND","1E"
8314,1195,"CLEVELAND","1F"
8039,345,"CLEVELAND","1G"
8314,682,"CLEVELAND","1H"
8314,333,"CLEVELAND","1I"
8039,681,"CLEVELAND","1J"
2580,946,"CLEVELAND","1K"
8315,212,"CLEVELAND","1L"
8315,544,"CLEVELAND","1M"
8315,11,"CLEVELAND","1N"
2580,338,"CLEVELAND","1O"
8315,40,"CLEVELAND","1P"
8315,1086,"CLEVELAND","1Q"
8314,683,"CLEVELAND","1R"
8039,521,"CLEVELAND","1S"
4191,1177,"CLEVELAND","2A"
8251,423,"CLEVELAND","2B."
8251,564,"CLEVELAND","2C."
8251,331,"CLEVELAND","2D."
8072,1379,"CLEVELAND","2E."
8147,1289,"CLEVELAND","2F"
8072,854,"CLEVELAND","2G"
8072,494,"CLEVELAND","2H"
8125,1413,"CLEVELAND","2I"
8201,1076,"CLEVELAND","2J."
8125,207,"CLEVELAND","2K."
2330,965,"CLEVELAND","2L"
8180,869,"CLEVELAND","2M"
8180,684,"CLEVELAND","2N"
8147,206,"CLEVELAND","2O"
2330,664,"CLEVELAND","2P"
8201,1235,"CLEVELAND","3A"
8280,1093,"CLEVELAND","3B"
2390,1291,"CLEVELAND","3C."
2390,1266,"CLEVELAND","3D"
2390,1097,"CLEVELAND","3E."
2390,1113,"CLEVELAND","3F"
2390,530,"CLEVELAND","3G"
8182,52,"CLEVELAND","3H"
8182,1099,"CLEVELAND","3I"
8280,1092,"CLEVELAND","3J"
3390,1046,"CLEVELAND","3K"
8134,856,"CLEVELAND","3L"
8134,1343,"CLEVELAND","3M"
1940,208,"CLEVELAND","3N"
8134,1209,"CLEVELAND","3O"
1940,221,"CLEVELAND","3P"
2390,1353,"CLEVELAND","3Q."
1940,53,"CLEVELAND","3R"
3120,87,"CLEVELAND","4A"
3880,1208,"CLEVELAND","4B"
3880,953,"CLEVELAND","4C"
3440,866,"CLEVELAND","4D."
3440,1346,"CLEVELAND","4E"
3440,220,"CLEVELAND","4F."
3120,1125,"CLEVELAND","4G"
8331,1118,"CLEVELAND","4H"
3120,1117,"CLEVELAND","4I"
8253,563,"CLEVELAND","4J"
8253,926,"CLEVELAND","4K"
8253,442,"CLEVELAND","4L"
3440,775,"CLEVELAND","4M"
4030,1179,"CLEVELAND","4N"
4030,325,"CLEVELAND","4O"
4030,542,"CLEVELAND","4P"
3120,219,"CLEVELAND","4Q"
8324,204,"CLEVELAND","5A"
8087,541,"CLEVELAND","5B"
3130,535,"CLEVELAND","5C"
3380,9,"CLEVELAND","5D"
8337,534,"CLEVELAND","5E"
8087,517,"CLEVELAND","5F"
3380,1261,"CLEVELAND","5G"
3230,1096,"CLEVELAND","5H."
8337,353,"CLEVELAND","5I"
4191,1345,"CLEVELAND","5J"
3390,712,"CLEVELAND","5K"
8235,1207,"CLEVELAND","5L"
8235,967,"CLEVELAND","5M"
8324,304,"CLEVELAND","5N"
3380,441,"CLEVELAND","5O"
4550,193,"CLEVELAND","6A"
4550,497,"CLEVELAND","6B"
3290,1075,"CLEVELAND","6C"
8279,514,"CLEVELAND","6D"
3570,1074,"CLEVELAND","6E"
2290,354,"CLEVELAND","6F"
8279,1102,"CLEVELAND","6G"
2380,1335,"CLEVELAND","6H.01"
2380,1657,"CLEVELAND","6H.02"
2380,346,"CLEVELAND","6I"
3230,1414,"CLEVELAND","6J"
3150,1394,"CLEVELAND","6K"
3230,1103,"CLEVELAND","6L"
2380,1300,"CLEVELAND","6M"
2380,1298,"CLEVELAND","6N"
8279,963,"CLEVELAND","6O"
3290,533,"CLEVELAND","6P"
3290,1105,"CLEVELAND","6Q"
3320,512,"CLEVELAND","7A"
8320,962,"CLEVELAND","7B"
8320,496,"CLEVELAND","7C"
8320,561,"CLEVELAND","7D"
2880,1180,"CLEVELAND","7E"
3250,1071,"CLEVELAND","7F"
2880,348,"CLEVELAND","7G"
3320,961,"CLEVELAND","7H"
4190,1073,"CLEVELAND","7I"
3420,710,"CLEVELAND","7J"
3310,500,"CLEVELAND","7K"
4190,743,"CLEVELAND","7L"
3250,513,"CLEVELAND","7M."
8153,1339,"CLEVELAND","7N"
8153,1072,"CLEVELAND","7O"
3310,495,"CLEVELAND","7P"
3130,192,"CLEVELAND","7Q"
8320,560,"CLEVELAND","7R"
8327,1295,"CLEVELAND","8A"
3130,1197,"CLEVELAND","8B"
8327,777,"CLEVELAND","8C"
8327,960,"CLEVELAND","8D"
8327,491,"CLEVELAND","8E"
4370,501,"CLEVELAND","8F"
8154,490,"CLEVELAND","8G"
4370,1080,"CLEVELAND","8H"
8154,89,"CLEVELAND","8I"
4550,347,"CLEVELAND","8J"
8240,1077,"CLEVELAND","8K"
4270,1122,"CLEVELAND","8L"
8240,447,"CLEVELAND","8M"
8240,1069,"CLEVELAND","8N"
4270,498,"CLEVELAND","8O"
4550,499,"CLEVELAND","8P"
8328,85,"CLEVELAND","8Q"
8173,1082,"CLEVELAND","9A"
8173,503,"CLEVELAND","9B"
4220,313,"CLEVELAND","9C"
2420,934,"CLEVELAND","9D"
4220,218,"CLEVELAND","9E"
2290,216,"CLEVELAND","9F"
8192,1234,"CLEVELAND","9G"
8192,566,"CLEVELAND","9H"
4220,1354,"CLEVELAND","9I"
2420,863,"CLEVELAND","9J"
2290,1267,"CLEVELAND","9K"
8239,1296,"CLEVELAND","9L"
2010,86,"CLEVELAND","9M"
8111,868,"CLEVELAND","9N"
8192,925,"CLEVELAND","9O"
2290,1033,"CLEVELAND","9P"
8041,329,"CLEVELAND","9Q"
2290,865,"CLEVELAND","9R"
2010,1121,"CLEVELAND","9S"
2420,1623,"CLEVELAND","9T"
2980,43,"CLEVELAND","10A"
8255,44,"CLEVELAND","10B"
8255,46,"CLEVELAND","10C"
8041,558,"CLEVELAND","10D"
8064,1226,"CLEVELAND","10E"
8111,48,"CLEVELAND","10F"
2980,45,"CLEVELAND","10G"
8288,312,"CLEVELAND","10H"
2940,707,"CLEVELAND","10I"
8041,217,"CLEVELAND","10J"
8288,56,"CLEVELAND","10K"
2940,556,"CLEVELAND","10L"
8190,215,"CLEVELAND","10M"
8064,711,"CLEVELAND","10N"
8190,1,"CLEVELAND","10O"
8151,955,"CLEVELAND","10P"
8151,303,"CLEVELAND","10Q"
8151,440,"CLEVELAND","10R"
8151,557,"CLEVELAND","10S"
8153,1214,"CLEVELAND","11A"
2070,214,"CLEVELAND","11B"
3040,5,"CLEVELAND","11C"
3040,709,"CLEVELAND","11D"
8153,343,"CLEVELAND","11E"
8250,50,"CLEVELAND","11F"
4190,1227,"CLEVELAND","11G"
8176,504,"CLEVELAND","11H"
8178,2,"CLEVELAND","11I"
8178,1215,"CLEVELAND","11J"
1590,10,"CLEVELAND","11K"
1590,3,"CLEVELAND","11L"
8331,958,"CLEVELAND","11M"
3880,49,"CLEVELAND","11N"
2070,305,"CLEVELAND","12A"
2070,540,"CLEVELAND","12B"
2070,1089,"CLEVELAND","12C"
3040,1337,"CLEVELAND","12D"
3040,1302,"CLEVELAND","12E"
8176,361,"CLEVELAND","12F"
3040,511,"CLEVELAND","12G"
8176,1078,"CLEVELAND","12H"
2280,972,"CLEVELAND","12I"
8252,524,"CLEVELAND","12J"
8290,1338,"CLEVELAND","12K"
2280,979,"CLEVELAND","12L"
8252,704,"CLEVELAND","12M"
8176,1084,"CLEVELAND","12N"
8040,88,"CLEVELAND","13A"
3720,1115,"CLEVELAND","13B"
2280,1352,"CLEVELAND","13C"
3720,548,"CLEVELAND","13D"
8290,211,"CLEVELAND","13E"
2340,536,"CLEVELAND","13F"
2340,8,"CLEVELAND","13G"
3720,668,"CLEVELAND","13H"
8109,1079,"CLEVELAND","13I"
3720,332,"CLEVELAND","13J"
8109,956,"CLEVELAND","13K"
8256,1341,"CLEVELAND","13L"
8256,1104,"CLEVELAND","13M"
8234,1204,"CLEVELAND","13N"
8234,336,"CLEVELAND","13O"
8234,551,"CLEVELAND","13P"
8234,968,"CLEVELAND","13Q"
8178,537,"CLEVELAND","14A"
8203,859,"CLEVELAND","14B"
3710,552,"CLEVELAND","14C"
3710,669,"CLEVELAND","14D"
3710,1321,"CLEVELAND","14E"
8203,1336,"CLEVELAND","14F"
2860,210,"CLEVELAND","14G.01"
2860,539,"CLEVELAND","14H.01"
3430,1095,"CLEVELAND","14I"
3430,1036,"CLEVELAND","14J"
3420,1108,"CLEVELAND","14K"
3620,656,"CLEVELAND","14L"
3420,1350,"CLEVELAND","14M"
3710,1106,"CLEVELAND","14N."
3430,529,"CLEVELAND","14O"
3050,335,"CLEVELAND","15A.01"
3050,1675,"CLEVELAND","15A.02"
8025,455,"CLEVELAND","15B"
3920,334,"CLEVELAND","15C"
3920,853,"CLEVELAND","15D"
8025,205,"CLEVELAND","15E"
8025,531,"CLEVELAND","15F"
3920,1210,"CLEVELAND","15G"
8025,862,"CLEVELAND","15H"
3670,344,"CLEVELAND","15I"
3670,1098,"CLEVELAND","15J"
3670,959,"CLEVELAND","15K"
3050,209,"CLEVELAND","15L"
2710,330,"CLEVELAND","15M"
8040,538,"CLEVELAND","15N"
2710,550,"CLEVELAND","15O"
8040,1107,"CLEVELAND","15P"
2710,352,"CLEVELAND","15Q"
3670,213,"CLEVELAND","15R"
8194,96,"CLEVELAND HEIGHTS","1A"
8140,1131,"CLEVELAND HEIGHTS","1B"
8140,282,"CLEVELAND HEIGHTS","1C"
8140,1128,"CLEVELAND HEIGHTS","1D"
8194,1127,"CLEVELAND HEIGHTS","1E"
8194,624,"CLEVELAND HEIGHTS","1F"
1850,1200,"CLEVELAND HEIGHTS","2A"
1900,1130,"CLEVELAND HEIGHTS","2B"
1850,948,"CLEVELAND HEIGHTS","2C"
1850,778,"CLEVELAND HEIGHTS","2D"
1900,90,"CLEVELAND HEIGHTS","2E"
8048,1123,"CLEVELAND HEIGHTS","2F"
8140,574,"CLEVELAND HEIGHTS","3A"
1730,779,"CLEVELAND HEIGHTS","3B"
8140,92,"CLEVELAND HEIGHTS","3C"
8048,322,"CLEVELAND HEIGHTS","3D"
8140,573,"CLEVELAND HEIGHTS","3E"
8048,95,"CLEVELAND HEIGHTS","3F"
1730,1401,"CLEVELAND HEIGHTS","4A"
1730,93,"CLEVELAND HEIGHTS","4B"
8187,1236,"CLEVELAND HEIGHTS","4C"
1730,781,"CLEVELAND HEIGHTS","4D"
8140,780,"CLEVELAND HEIGHTS","4E"
8140,300,"CLEVELAND HEIGHTS","4F"
8140,1392,"CLEVELAND HEIGHTS","4G"
8187,1031,"CLEVELAND HEIGHTS","4H"
8140,1133,"CLEVELAND HEIGHTS","4I.01"
8140,1558,"CLEVELAND HEIGHTS","4I.02"
8102,1294,"CLEVELAND HEIGHTS","5A"
8102,568,"CLEVELAND HEIGHTS","5B"
8187,1124,"CLEVELAND HEIGHTS","5C"
8102,1355,"CLEVELAND HEIGHTS","5D"
8187,949,"CLEVELAND HEIGHTS","5E"
8102,919,"CLEVELAND HEIGHTS","5F"
4700,966,"CUYAHOGA HEIGHTS","A"
4900,196,"EAST CLEVELAND","2A"
4900,194,"EAST CLEVELAND","2B"
8007,1334,"EAST CLEVELAND","2C"
4900,197,"EAST CLEVELAND","2D"
8007,1260,"EAST CLEVELAND","3A"
8074,285,"EAST CLEVELAND","3B"
8007,201,"EAST CLEVELAND","3C"
8074,369,"EAST CLEVELAND","3D"
8074,199,"EAST CLEVELAND","3E"
4890,1041,"EAST CLEVELAND","4A"
8185,1066,"EAST CLEVELAND","4B"
4890,371,"EAST CLEVELAND","4C"
4890,488,"EAST CLEVELAND","4D"
4890,489,"EAST CLEVELAND","4E"
4890,852,"EAST CLEVELAND","4F"
8319,480,"EUCLID","1A"
8319,355,"EUCLID","1B"
8302,973,"EUCLID","1C"
8302,1043,"EUCLID","1D"
8144,1153,"EUCLID","2A"
8261,923,"EUCLID","2B"
8302,849,"EUCLID","2C"
8144,1059,"EUCLID","2D"
4960,78,"EUCLID","3A"
4960,482,"EUCLID","3B"
4960,487,"EUCLID","3C"
4960,770,"EUCLID","3D"
4910,484,"EUCLID","4A"
4910,483,"EUCLID","4B"
8261,376,"EUCLID","4C"
8261,1332,"EUCLID","4D"
4920,1485,"EUCLID","5A"
8158,1486,"EUCLID","5B"
4920,1487,"EUCLID","5C"
4910,1488,"EUCLID","5D"
5135,1491,"EUCLID","6A"
5135,1492,"EUCLID","6B"
5135,1493,"EUCLID","6C"
8318,1494,"EUCLID","6D"
8158,1497,"EUCLID","7A"
8158,1499,"EUCLID","7B"
5135,1500,"EUCLID","7C"
5135,1501,"EUCLID","7D"
8261,1504,"EUCLID","8A"
8318,1505,"EUCLID","8B"
8318,1506,"EUCLID","8C"
4910,1507,"EUCLID","8D"
8306,286,"FAIRVIEW PARK","1A"
8306,771,"FAIRVIEW PARK","1B"
8306,81,"FAIRVIEW PARK","1C"
8258,1330,"FAIRVIEW PARK","2A"
8258,474,"FAIRVIEW PARK","2B"
8258,772,"FAIRVIEW PARK","2C"
5210,83,"FAIRVIEW PARK","3A"
5210,1054,"FAIRVIEW PARK","3B"
8032,974,"FAIRVIEW PARK","4A"
8032,475,"FAIRVIEW PARK","4B"
8322,477,"FAIRVIEW PARK","5A"
8322,357,"FAIRVIEW PARK","5B.01"
8322,1660,"FAIRVIEW PARK","5B.02"
5280,1328,"GARFIELD HEIGHTS","1A"
5280,975,"GARFIELD HEIGHTS","1B"
5280,465,"GARFIELD HEIGHTS","1C"
5280,468,"GARFIELD HEIGHTS","2A"
5280,627,"GARFIELD HEIGHTS","2B"
5280,471,"GARFIELD HEIGHTS","3A.01"
5280,1549,"GARFIELD HEIGHTS","3A.02"
5280,993,"GARFIELD HEIGHTS","3B"
5280,467,"GARFIELD HEIGHTS","4A"
5280,976,"GARFIELD HEIGHTS","4B"
5280,1329,"GARFIELD HEIGHTS","4C"
8198,478,"GARFIELD HEIGHTS","5A"
8198,358,"GARFIELD HEIGHTS","5B"
8198,449,"GARFIELD HEIGHTS","5C"
8160,691,"GARFIELD HEIGHTS","6A"
8160,1155,"GARFIELD HEIGHTS","6B"
8160,470,"GARFIELD HEIGHTS","6C"
8160,1331,"GARFIELD HEIGHTS","7A"
8160,479,"GARFIELD HEIGHTS","7B"
8160,1055,"GARFIELD HEIGHTS","7C"
5400,1284,"GATES MILLS","A"
5400,762,"GATES MILLS","B"
5410,428,"GLENWILLOW","1A"
5410,74,"GLENWILLOW","2A"
5410,763,"GLENWILLOW","3A"
5420,1406,"HIGHLAND HILLS","A"
5450,1232,"HIGHLAND HEIGHTS","1A"
5450,765,"HIGHLAND HEIGHTS","1B"
5450,1156,"HIGHLAND HEIGHTS","2A"
5450,75,"HIGHLAND HEIGHTS","2B"
5450,766,"HIGHLAND HEIGHTS","3A"
5450,76,"HIGHLAND HEIGHTS","3B"
5450,767,"HIGHLAND HEIGHTS","4A"
5450,77,"HIGHLAND HEIGHTS","4B"
5440,764,"HUNTING VALLEY","A"
8233,388,"INDEPENDENCE","A"
8233,1219,"INDEPENDENCE","B"
8233,724,"INDEPENDENCE","C"
8233,464,"INDEPENDENCE","D"
8233,1307,"INDEPENDENCE","E"
5730,1398,"LAKEWOOD","1A"
5750,21,"LAKEWOOD","1B"
5750,984,"LAKEWOOD","1C"
5750,452,"LAKEWOOD","1D"
5520,36,"LAKEWOOD","1E"
5520,1389,"LAKEWOOD","1F"
5520,37,"LAKEWOOD","1G"
5520,739,"LAKEWOOD","1H"
5720,1308,"LAKEWOOD","1I"
8189,461,"LAKEWOOD","2A"
5680,983,"LAKEWOOD","2B"
8189,17,"LAKEWOOD","2C"
5730,694,"LAKEWOOD","2D"
5720,1303,"LAKEWOOD","2E"
5690,629,"LAKEWOOD","2F"
5690,738,"LAKEWOOD","2G"
5730,460,"LAKEWOOD","2H"
5640,1327,"LAKEWOOD","2I"
5610,1051,"LAKEWOOD","3A"
5680,1326,"LAKEWOOD","3B"
5640,391,"LAKEWOOD","3C"
5640,20,"LAKEWOOD","3D"
8067,459,"LAKEWOOD","3E"
8067,19,"LAKEWOOD","3F"
5610,451,"LAKEWOOD","3G"
5640,456,"LAKEWOOD","3H"
8068,1049,"LAKEWOOD","3I"
5610,25,"LAKEWOOD","4A"
8067,693,"LAKEWOOD","4B"
8067,996,"LAKEWOOD","4C"
5610,726,"LAKEWOOD","4D"
5570,728,"LAKEWOOD","4E"
8067,630,"LAKEWOOD","4F"
8068,24,"LAKEWOOD","4G"
8068,389,"LAKEWOOD","4H"
5570,390,"LAKEWOOD","4I"
5570,22,"LAKEWOOD","4J"
2340,26,"LINNDALE","A"
8083,719,"LYNDHURST","1A"
8083,13,"LYNDHURST","1B"
8083,720,"LYNDHURST","1C"
8083,631,"LYNDHURST","2A"
8083,722,"LYNDHURST","2B"
5905,366,"LYNDHURST","3A"
5880,986,"LYNDHURST","3B"
5880,453,"LYNDHURST","3C"
8179,39,"LYNDHURST","4A"
8179,365,"LYNDHURST","4B"
8179,742,"LYNDHURST","4C"
5940,987,"MAYFIELD HEIGHTS","A"
5940,15,"MAYFIELD HEIGHTS","B"
5940,68,"MAYFIELD HEIGHTS","C"
5940,757,"MAYFIELD HEIGHTS","D"
8334,70,"MAYFIELD HEIGHTS","E"
8334,736,"MAYFIELD HEIGHTS","F"
8334,696,"MAYFIELD HEIGHTS","G"
5910,367,"MAYFIELD HEIGHTS","H"
5910,33,"MAYFIELD HEIGHTS","I"
8181,756,"MAYFIELD HEIGHTS","J"
8334,290,"MAYFIELD HEIGHTS","K"
8334,16,"MAYFIELD HEIGHTS","L"
5910,758,"MAYFIELD HEIGHTS","M"
8205,1399,"MAYFIELD VILLAGE","1A"
8205,697,"MAYFIELD VILLAGE","2A"
8205,72,"MAYFIELD VILLAGE","3A"
8205,1220,"MAYFIELD VILLAGE","4A"
6065,730,"MIDDLEBURG HEIGHTS","1A"
8244,731,"MIDDLEBURG HEIGHTS","1B"
6065,30,"MIDDLEBURG HEIGHTS","1C"
8244,632,"MIDDLEBURG HEIGHTS","2A"
8028,28,"MIDDLEBURG HEIGHTS","2B"
8028,1221,"MIDDLEBURG HEIGHTS","2C"
6065,27,"MIDDLEBURG HEIGHTS","3A"
8028,1325,"MIDDLEBURG HEIGHTS","3B"
6065,29,"MIDDLEBURG HEIGHTS","3C"
8135,1010,"MIDDLEBURG HEIGHTS","4A"
8135,1371,"MIDDLEBURG HEIGHTS","4B"
8199,429,"MORELAND HILLS","A"
8199,734,"MORELAND HILLS","B"
8199,1011,"MORELAND HILLS","C"
8133,57,"MAPLE HEIGHTS","1A"
8133,58,"MAPLE HEIGHTS","1B"
8133,788,"MAPLE HEIGHTS","2A"
8133,402,"MAPLE HEIGHTS","2B"
8080,1229,"MAPLE HEIGHTS","3A"
8080,1222,"MAPLE HEIGHTS","3B"
6170,400,"MAPLE HEIGHTS","4A"
6170,755,"MAPLE HEIGHTS","4B"
6170,67,"MAPLE HEIGHTS","4C"
6170,1012,"MAPLE HEIGHTS","5A"
6170,785,"MAPLE HEIGHTS","5B"
6170,113,"MAPLE HEIGHTS","6A"
6170,97,"MAPLE HEIGHTS","6B"
6170,698,"MAPLE HEIGHTS","7A"
6170,787,"MAPLE HEIGHTS","7B"
6170,1158,"MAPLE HEIGHTS","7C"
8223,1198,"NEWBURGH HEIGHTS","A"
6250,65,"NORTH OLMSTED","1A"
6250,754,"NORTH OLMSTED","1B"
6250,131,"NORTH OLMSTED","1C"
6320,753,"NORTH OLMSTED","1D"
6250,62,"NORTH OLMSTED","1E"
6240,130,"NORTH OLMSTED","2A"
6240,60,"NORTH OLMSTED","2B"
6240,61,"NORTH OLMSTED","2C"
6250,1159,"NORTH OLMSTED","2D"
6250,800,"NORTH OLMSTED","2E"
6280,64,"NORTH OLMSTED","3A"
6320,1241,"NORTH OLMSTED","3B"
6320,381,"NORTH OLMSTED","3C"
6320,655,"NORTH OLMSTED","3D"
6280,752,"NORTH OLMSTED","3E"
6320,1305,"NORTH OLMSTED","3F"
6330,751,"NORTH OLMSTED","4A"
6330,750,"NORTH OLMSTED","4B"
6330,801,"NORTH OLMSTED","4C"
6280,748,"NORTH OLMSTED","4D"
6250,63,"NORTH OLMSTED","4E"
6370,430,"NORTH RANDALL","A"
6410,385,"NORTH ROYALTON","1A"
6410,110,"NORTH ROYALTON","1B"
6410,1240,"NORTH ROYALTON","1C"
8162,108,"NORTH ROYALTON","2A"
8162,384,"NORTH ROYALTON","2B"
8162,1239,"NORTH ROYALTON","2C"
8162,109,"NORTH ROYALTON","2D"
6410,99,"NORTH ROYALTON","3A"
6410,98,"NORTH ROYALTON","3B"
6410,1237,"NORTH ROYALTON","3C"
6410,989,"NORTH ROYALTON","3D"
8312,104,"NORTH ROYALTON","4A"
8312,652,"NORTH ROYALTON","4B"
8312,1238,"NORTH ROYALTON","4C"
8312,1161,"NORTH ROYALTON","4D"
8312,103,"NORTH ROYALTON","5A"
8312,107,"NORTH ROYALTON","5B"
8312,101,"NORTH ROYALTON","5C"
8312,102,"NORTH ROYALTON","5D"
8237,105,"NORTH ROYALTON","6A"
8237,106,"NORTH ROYALTON","6B"
8237,383,"NORTH ROYALTON","6C"
8237,716,"NORTH ROYALTON","6D"
6532,387,"OAKWOOD","1A"
6532,816,"OAKWOOD","2A"
6532,1248,"OAKWOOD","3A"
6532,992,"OAKWOOD","4A"
6532,145,"OAKWOOD","5A"
6510,815,"OLMSTED FALLS","1A"
6510,991,"OLMSTED FALLS","1B"
6510,128,"OLMSTED FALLS","2A"
6510,144,"OLMSTED FALLS","2B.01"
6510,1442,"OLMSTED FALLS","2B.02"
6510,386,"OLMSTED FALLS","3A"
6510,782,"OLMSTED FALLS","3B"
6510,799,"OLMSTED FALLS","4A"
6510,198,"OLMSTED FALLS","4B"
8293,146,"OLMSTED TOWNSHIP","A"
8293,379,"OLMSTED TOWNSHIP","B-"
8156,802,"OLMSTED TOWNSHIP","C"
8156,133,"OLMSTED TOWNSHIP","D."
8106,790,"OLMSTED TOWNSHIP","E"
8106,817,"OLMSTED TOWNSHIP","F"
8156,1306,"OLMSTED TOWNSHIP","G"
8106,119,"OLMSTED TOWNSHIP","H"
8293,118,"OLMSTED TOWNSHIP","I"
6580,789,"ORANGE","A.01"
6580,1517,"ORANGE","A.02"
6580,791,"ORANGE","B"
6580,380,"ORANGE","C"
6660,1564,"PARMA HEIGHTS","1A"
6660,1566,"PARMA HEIGHTS","1B"
6660,1568,"PARMA HEIGHTS","1C"
6660,1569,"PARMA HEIGHTS","2A"
6660,1570,"PARMA HEIGHTS","2B"
6660,1571,"PARMA HEIGHTS","2C"
6670,1572,"PARMA HEIGHTS","3A"
6670,1573,"PARMA HEIGHTS","3B"
6670,1574,"PARMA HEIGHTS","3C"
6660,1575,"PARMA HEIGHTS","4A"
6660,1576,"PARMA HEIGHTS","4B"
6660,1577,"PARMA HEIGHTS","4C"
6630,1000,"PARMA","1A"
6630,1247,"PARMA","1B"
6630,818,"PARMA","1C"
6710,813,"PARMA","1D"
6710,1162,"PARMA","1E"
6710,134,"PARMA","1F"
6770,634,"PARMA","2A"
6770,177,"PARMA","2B"
6770,999,"PARMA","2C"
6770,1253,"PARMA","2D"
6890,1005,"PARMA","2E"
8115,811,"PARMA","3A"
6810,1001,"PARMA","3B"
6810,823,"PARMA","3C"
8115,673,"PARMA","3D"
6810,649,"PARMA","3E"
6700,806,"PARMA","4A"
6790,141,"PARMA","4B"
6880,1246,"PARMA","4C"
6790,392,"PARMA","4D"
6700,140,"PARMA","4E"
6940,154,"PARMA","5A"
6930,1004,"PARMA","5B"
6750,155,"PARMA","5C"
6930,808,"PARMA","5D"
6750,1163,"PARMA","5E"
6750,138,"PARMA","5F"
6750,414,"PARMA","6A"
6750,1311,"PARMA","6B"
6730,135,"PARMA","6C"
6740,395,"PARMA","6D"
6730,137,"PARMA","6E"
8112,1251,"PARMA","7A"
6940,636,"PARMA","7B"
6940,1164,"PARMA","7C"
8112,156,"PARMA","7D"
6940,157,"PARMA","7E"
8112,397,"PARMA","7F"
6890,1250,"PARMA","8A"
6680,148,"PARMA","8B"
6890,820,"PARMA","8C"
6680,150,"PARMA","8D"
6680,147,"PARMA","8E"
6930,151,"PARMA","9A"
6720,1309,"PARMA","9B"
6720,1257,"PARMA","9C"
6880,812,"PARMA","9D"
6740,152,"PARMA","9E"
6600,399,"PEPPER PIKE","A"
6600,792,"PEPPER PIKE","B"
8199,1009,"PEPPER PIKE","C.01"
8199,1561,"PEPPER PIKE","C.02"
8199,793,"PEPPER PIKE","D"
6600,121,"PEPPER PIKE","E"
7110,173,"RICHMOND HEIGHTS","1A"
7110,1028,"RICHMOND HEIGHTS","1B"
8310,1045,"RICHMOND HEIGHTS","2A"
8310,1165,"RICHMOND HEIGHTS","2B"
8310,172,"RICHMOND HEIGHTS","3A"
8310,833,"RICHMOND HEIGHTS","3B"
8310,830,"RICHMOND HEIGHTS","3C"
8059,1255,"RICHMOND HEIGHTS","4A"
8059,1187,"RICHMOND HEIGHTS","4B"
7030,657,"ROCKY RIVER","1A"
7070,1186,"ROCKY RIVER","1B"
7070,176,"ROCKY RIVER","1C"
7070,170,"ROCKY RIVER","1D"
7050,1007,"ROCKY RIVER","2A"
7050,1254,"ROCKY RIVER","2B"
7070,398,"ROCKY RIVER","2C"
7050,1170,"ROCKY RIVER","2D"
7030,168,"ROCKY RIVER","3A"
7030,1006,"ROCKY RIVER","3B"
7030,167,"ROCKY RIVER","3C"
7030,824,"ROCKY RIVER","3D"
7050,295,"ROCKY RIVER","4A"
7050,825,"ROCKY RIVER","4B"
7050,1166,"ROCKY RIVER","4C"
7050,829,"ROCKY RIVER","4D"
7160,416,"SOUTH EUCLID","1A"
7160,182,"SOUTH EUCLID","1B"
8073,1402,"SOUTH EUCLID","1C"
8073,415,"SOUTH EUCLID","1D"
7160,434,"SOUTH EUCLID","2A"
7160,175,"SOUTH EUCLID","2B"
7160,836,"SOUTH EUCLID","2C"
7160,255,"SOUTH EUCLID","2D"
8262,1319,"SOUTH EUCLID","3A"
8262,1384,"SOUTH EUCLID","3B"
8262,838,"SOUTH EUCLID","3C"
8336,181,"SOUTH EUCLID","3D"
7170,296,"SOUTH EUCLID","4A"
8325,1029,"SOUTH EUCLID","4B"
8325,1256,"SOUTH EUCLID","4C"
8336,179,"SOUTH EUCLID","4D"
1940,403,"SHAKER HEIGHTS","A"
7390,646,"SHAKER HEIGHTS","B"
1940,243,"SHAKER HEIGHTS","C"
7350,885,"SHAKER HEIGHTS","D"
7350,1172,"SHAKER HEIGHTS","E"
7350,847,"SHAKER HEIGHTS","F"
7350,240,"SHAKER HEIGHTS","G"
7350,244,"SHAKER HEIGHTS","H"
7390,675,"SHAKER HEIGHTS","I"
7310,233,"SHAKER HEIGHTS","J"
7290,1016,"SHAKER HEIGHTS","K"
7290,844,"SHAKER HEIGHTS","L"
7290,238,"SHAKER HEIGHTS","M"
7310,404,"SHAKER HEIGHTS","N"
7390,658,"SHAKER HEIGHTS","O"
7390,1015,"SHAKER HEIGHTS","P"
7280,1188,"SHAKER HEIGHTS","Q"
7280,846,"SHAKER HEIGHTS","R"
7280,237,"SHAKER HEIGHTS","S"
7390,1259,"SHAKER HEIGHTS","T"
7390,1273,"SHAKER HEIGHTS","U"
7240,674,"SEVEN HILLS","1A"
7240,185,"SEVEN HILLS","1B"
7240,297,"SEVEN HILLS","2A"
7240,651,"SEVEN HILLS","2B"
8316,1169,"SEVEN HILLS","3A"
8316,187,"SEVEN HILLS","3B"
8316,841,"SEVEN HILLS","4A"
8316,186,"SEVEN HILLS","4B"
7485,1277,"SOLON","1A"
7485,887,"SOLON","1B"
7485,253,"SOLON","1C"
8249,639,"SOLON","2A"
8249,406,"SOLON","2B"
8249,676,"SOLON","3A"
8249,1276,"SOLON","3B"
8249,251,"SOLON","4A"
8249,640,"SOLON","4B"
8249,252,"SOLON","4C"
7470,1318,"SOLON","5A."
7470,1275,"SOLON","5B"
7470,246,"SOLON","5C"
8079,1376,"SOLON","6A"
8079,249,"SOLON","6B"
8079,1026,"SOLON","6C"
8249,405,"SOLON","7A"
8249,247,"SOLON","7B"
7550,259,"STRONGSVILLE","1A"
8188,884,"STRONGSVILLE","1B"
7550,408,"STRONGSVILLE","1C"
7550,1019,"STRONGSVILLE","1D"
8188,257,"STRONGSVILLE","1E"
7550,896,"STRONGSVILLE","1F"
8188,269,"STRONGSVILLE","1G"
8188,258,"STRONGSVILLE","1H"
7560,1167,"STRONGSVILLE","2A"
8208,641,"STRONGSVILLE","2B"
7560,894,"STRONGSVILLE","2C"
7560,1312,"STRONGSVILLE","2D"
8208,677,"STRONGSVILLE","2E"
7615,280,"STRONGSVILLE","2F"
8208,893,"STRONGSVILLE","2G"
7560,262,"STRONGSVILLE","2H"
7615,1021,"STRONGSVILLE","2I"
7540,436,"STRONGSVILLE","3A"
7530,1190,"STRONGSVILLE","3B"
7530,266,"STRONGSVILLE","3C"
7540,1027,"STRONGSVILLE","3D"
7620,899,"STRONGSVILLE","3E"
7620,407,"STRONGSVILLE","3F"
7620,1191,"STRONGSVILLE","3G"
7540,900,"STRONGSVILLE","3H"
8208,1022,"STRONGSVILLE","4A"
7600,265,"STRONGSVILLE","4B"
7615,264,"STRONGSVILLE","4C"
7600,1280,"STRONGSVILLE","4D"
7615,898,"STRONGSVILLE","4E"
7540,409,"STRONGSVILLE","4F"
7600,1048,"STRONGSVILLE","4G"
8208,1168,"STRONGSVILLE","4H"
7170,907,"UNIVERSITY HEIGHTS","A"
7170,273,"UNIVERSITY HEIGHTS","B"
8325,272,"UNIVERSITY HEIGHTS","C"
7630,1322,"UNIVERSITY HEIGHTS","D"
8113,902,"UNIVERSITY HEIGHTS","E"
8325,1038,"UNIVERSITY HEIGHTS","F"
7630,678,"UNIVERSITY HEIGHTS","G"
7630,916,"UNIVERSITY HEIGHTS","H"
8113,268,"UNIVERSITY HEIGHTS","I"
7710,908,"VALLEY VIEW","A"
7710,1039,"VALLEY VIEW","B"
8332,1425,"WARRENSVILLE HEIGHTS","1A"
8332,1427,"WARRENSVILLE HEIGHTS","1B"
8332,1428,"WARRENSVILLE HEIGHTS","2A"
8332,1429,"WARRENSVILLE HEIGHTS","2B"
8332,1430,"WARRENSVILLE HEIGHTS","3A"
8332,1431,"WARRENSVILLE HEIGHTS","3B"
7780,1433,"WARRENSVILLE HEIGHTS","4A"
7780,1434,"WARRENSVILLE HEIGHTS","4B"
8170,1435,"WARRENSVILLE HEIGHTS","5A"
8170,1436,"WARRENSVILLE HEIGHTS","5B"
8170,1438,"WARRENSVILLE HEIGHTS","6A"
8170,1440,"WARRENSVILLE HEIGHTS","7A"
8170,1441,"WARRENSVILLE HEIGHTS","7B.01"
8170,1444,"WARRENSVILLE HEIGHTS","7B.02"
8333,909,"WALTON HILLS","A"
8333,275,"WALTON HILLS","B"
7860,910,"WOODMERE","A"
7870,911,"WESTLAKE","1A"
7870,417,"WESTLAKE","1B"
7870,276,"WESTLAKE","1C"
8321,912,"WESTLAKE","1D"
8321,888,"WESTLAKE","2A"
8313,642,"WESTLAKE","2B"
8321,905,"WESTLAKE","2C"
8313,420,"WESTLAKE","2D"
8321,277,"WESTLAKE","3A"
7890,1282,"WESTLAKE","3B"
8056,913,"WESTLAKE","3C"
8056,278,"WESTLAKE","3D"
8196,1283,"WESTLAKE","4A"
8196,421,"WESTLAKE","4B"
8196,920,"WESTLAKE","4C"
8196,1315,"WESTLAKE","4D"
7890,915,"WESTLAKE","5A"
7890,914,"WESTLAKE","5B"
7890,904,"WESTLAKE","5C"
7890,270,"WESTLAKE","5D"
8313,283,"WESTLAKE","6A"
8313,284,"WESTLAKE","6B"
8313,679,"WESTLAKE","6C"
8313,921,"WESTLAKE","6D"
